--
-- PostgreSQL database dump
--

-- Dumped from database version 16.4 (Debian 16.4-1.pgdg120+2)
-- Dumped by pg_dump version 16.4 (Homebrew)

SET statement_timeout = 0;
SET lock_timeout = 0;
SET idle_in_transaction_session_timeout = 0;
SET client_encoding = 'UTF8';
SET standard_conforming_strings = on;
SELECT pg_catalog.set_config('search_path', '', false);
SET check_function_bodies = false;
SET xmloption = content;
SET client_min_messages = warning;
SET row_security = off;

SET default_tablespace = '';

SET default_table_access_method = heap;

--
-- Name: accounts_user; Type: TABLE; Schema: public; Owner: postgres
--

CREATE TABLE public.accounts_user (
    id bigint NOT NULL,
    password character varying(128) NOT NULL,
    last_login timestamp with time zone,
    is_superuser boolean NOT NULL,
    first_name character varying(150) NOT NULL,
    last_name character varying(150) NOT NULL,
    is_staff boolean NOT NULL,
    is_active boolean NOT NULL,
    date_joined timestamp with time zone NOT NULL,
    email character varying(254) NOT NULL,
    company_name character varying(255) NOT NULL,
    job_title character varying(255) NOT NULL,
    industry character varying(100) NOT NULL,
    company_size character varying(50) NOT NULL
);


ALTER TABLE public.accounts_user OWNER TO postgres;

--
-- Name: accounts_user_groups; Type: TABLE; Schema: public; Owner: postgres
--

CREATE TABLE public.accounts_user_groups (
    id bigint NOT NULL,
    user_id bigint NOT NULL,
    group_id integer NOT NULL
);


ALTER TABLE public.accounts_user_groups OWNER TO postgres;

--
-- Name: accounts_user_groups_id_seq; Type: SEQUENCE; Schema: public; Owner: postgres
--

ALTER TABLE public.accounts_user_groups ALTER COLUMN id ADD GENERATED BY DEFAULT AS IDENTITY (
    SEQUENCE NAME public.accounts_user_groups_id_seq
    START WITH 1
    INCREMENT BY 1
    NO MINVALUE
    NO MAXVALUE
    CACHE 1
);


--
-- Name: accounts_user_id_seq; Type: SEQUENCE; Schema: public; Owner: postgres
--

ALTER TABLE public.accounts_user ALTER COLUMN id ADD GENERATED BY DEFAULT AS IDENTITY (
    SEQUENCE NAME public.accounts_user_id_seq
    START WITH 1
    INCREMENT BY 1
    NO MINVALUE
    NO MAXVALUE
    CACHE 1
);


--
-- Name: accounts_user_user_permissions; Type: TABLE; Schema: public; Owner: postgres
--

CREATE TABLE public.accounts_user_user_permissions (
    id bigint NOT NULL,
    user_id bigint NOT NULL,
    permission_id integer NOT NULL
);


ALTER TABLE public.accounts_user_user_permissions OWNER TO postgres;

--
-- Name: accounts_user_user_permissions_id_seq; Type: SEQUENCE; Schema: public; Owner: postgres
--

ALTER TABLE public.accounts_user_user_permissions ALTER COLUMN id ADD GENERATED BY DEFAULT AS IDENTITY (
    SEQUENCE NAME public.accounts_user_user_permissions_id_seq
    START WITH 1
    INCREMENT BY 1
    NO MINVALUE
    NO MAXVALUE
    CACHE 1
);


--
-- Name: accounts_userprofile; Type: TABLE; Schema: public; Owner: postgres
--

CREATE TABLE public.accounts_userprofile (
    id bigint NOT NULL,
    phone character varying(20) NOT NULL,
    subscription_type character varying(50) NOT NULL,
    subscription_status character varying(20) NOT NULL,
    created_at timestamp with time zone NOT NULL,
    updated_at timestamp with time zone NOT NULL,
    user_id bigint NOT NULL
);


ALTER TABLE public.accounts_userprofile OWNER TO postgres;

--
-- Name: accounts_userprofile_id_seq; Type: SEQUENCE; Schema: public; Owner: postgres
--

ALTER TABLE public.accounts_userprofile ALTER COLUMN id ADD GENERATED BY DEFAULT AS IDENTITY (
    SEQUENCE NAME public.accounts_userprofile_id_seq
    START WITH 1
    INCREMENT BY 1
    NO MINVALUE
    NO MAXVALUE
    CACHE 1
);


--
-- Name: auth_group; Type: TABLE; Schema: public; Owner: postgres
--

CREATE TABLE public.auth_group (
    id integer NOT NULL,
    name character varying(150) NOT NULL
);


ALTER TABLE public.auth_group OWNER TO postgres;

--
-- Name: auth_group_id_seq; Type: SEQUENCE; Schema: public; Owner: postgres
--

ALTER TABLE public.auth_group ALTER COLUMN id ADD GENERATED BY DEFAULT AS IDENTITY (
    SEQUENCE NAME public.auth_group_id_seq
    START WITH 1
    INCREMENT BY 1
    NO MINVALUE
    NO MAXVALUE
    CACHE 1
);


--
-- Name: auth_group_permissions; Type: TABLE; Schema: public; Owner: postgres
--

CREATE TABLE public.auth_group_permissions (
    id bigint NOT NULL,
    group_id integer NOT NULL,
    permission_id integer NOT NULL
);


ALTER TABLE public.auth_group_permissions OWNER TO postgres;

--
-- Name: auth_group_permissions_id_seq; Type: SEQUENCE; Schema: public; Owner: postgres
--

ALTER TABLE public.auth_group_permissions ALTER COLUMN id ADD GENERATED BY DEFAULT AS IDENTITY (
    SEQUENCE NAME public.auth_group_permissions_id_seq
    START WITH 1
    INCREMENT BY 1
    NO MINVALUE
    NO MAXVALUE
    CACHE 1
);


--
-- Name: auth_permission; Type: TABLE; Schema: public; Owner: postgres
--

CREATE TABLE public.auth_permission (
    id integer NOT NULL,
    name character varying(255) NOT NULL,
    content_type_id integer NOT NULL,
    codename character varying(100) NOT NULL
);


ALTER TABLE public.auth_permission OWNER TO postgres;

--
-- Name: auth_permission_id_seq; Type: SEQUENCE; Schema: public; Owner: postgres
--

ALTER TABLE public.auth_permission ALTER COLUMN id ADD GENERATED BY DEFAULT AS IDENTITY (
    SEQUENCE NAME public.auth_permission_id_seq
    START WITH 1
    INCREMENT BY 1
    NO MINVALUE
    NO MAXVALUE
    CACHE 1
);


--
-- Name: auth_user; Type: TABLE; Schema: public; Owner: postgres
--

CREATE TABLE public.auth_user (
    id integer NOT NULL,
    password character varying(128) NOT NULL,
    last_login timestamp with time zone,
    is_superuser boolean NOT NULL,
    username character varying(150) NOT NULL,
    first_name character varying(150) NOT NULL,
    last_name character varying(150) NOT NULL,
    email character varying(254) NOT NULL,
    is_staff boolean NOT NULL,
    is_active boolean NOT NULL,
    date_joined timestamp with time zone NOT NULL
);


ALTER TABLE public.auth_user OWNER TO postgres;

--
-- Name: auth_user_groups; Type: TABLE; Schema: public; Owner: postgres
--

CREATE TABLE public.auth_user_groups (
    id bigint NOT NULL,
    user_id integer NOT NULL,
    group_id integer NOT NULL
);


ALTER TABLE public.auth_user_groups OWNER TO postgres;

--
-- Name: auth_user_groups_id_seq; Type: SEQUENCE; Schema: public; Owner: postgres
--

ALTER TABLE public.auth_user_groups ALTER COLUMN id ADD GENERATED BY DEFAULT AS IDENTITY (
    SEQUENCE NAME public.auth_user_groups_id_seq
    START WITH 1
    INCREMENT BY 1
    NO MINVALUE
    NO MAXVALUE
    CACHE 1
);


--
-- Name: auth_user_id_seq; Type: SEQUENCE; Schema: public; Owner: postgres
--

ALTER TABLE public.auth_user ALTER COLUMN id ADD GENERATED BY DEFAULT AS IDENTITY (
    SEQUENCE NAME public.auth_user_id_seq
    START WITH 1
    INCREMENT BY 1
    NO MINVALUE
    NO MAXVALUE
    CACHE 1
);


--
-- Name: auth_user_user_permissions; Type: TABLE; Schema: public; Owner: postgres
--

CREATE TABLE public.auth_user_user_permissions (
    id bigint NOT NULL,
    user_id integer NOT NULL,
    permission_id integer NOT NULL
);


ALTER TABLE public.auth_user_user_permissions OWNER TO postgres;

--
-- Name: auth_user_user_permissions_id_seq; Type: SEQUENCE; Schema: public; Owner: postgres
--

ALTER TABLE public.auth_user_user_permissions ALTER COLUMN id ADD GENERATED BY DEFAULT AS IDENTITY (
    SEQUENCE NAME public.auth_user_user_permissions_id_seq
    START WITH 1
    INCREMENT BY 1
    NO MINVALUE
    NO MAXVALUE
    CACHE 1
);


--
-- Name: content_abtest; Type: TABLE; Schema: public; Owner: postgres
--

CREATE TABLE public.content_abtest (
    id bigint NOT NULL,
    name character varying(200) NOT NULL,
    description text NOT NULL,
    start_date timestamp with time zone,
    end_date timestamp with time zone,
    is_active boolean NOT NULL,
    created_at timestamp with time zone NOT NULL,
    updated_at timestamp with time zone NOT NULL,
    created_by_id integer NOT NULL,
    landing_page_id bigint NOT NULL
);


ALTER TABLE public.content_abtest OWNER TO postgres;

--
-- Name: content_abtest_id_seq; Type: SEQUENCE; Schema: public; Owner: postgres
--

ALTER TABLE public.content_abtest ALTER COLUMN id ADD GENERATED BY DEFAULT AS IDENTITY (
    SEQUENCE NAME public.content_abtest_id_seq
    START WITH 1
    INCREMENT BY 1
    NO MINVALUE
    NO MAXVALUE
    CACHE 1
);


--
-- Name: content_bloganalytics; Type: TABLE; Schema: public; Owner: postgres
--

CREATE TABLE public.content_bloganalytics (
    id bigint NOT NULL,
    avg_time_on_page double precision NOT NULL,
    bounce_rate double precision NOT NULL,
    return_visits integer NOT NULL,
    social_shares integer NOT NULL,
    last_updated timestamp with time zone NOT NULL,
    blog_post_id bigint NOT NULL
);


ALTER TABLE public.content_bloganalytics OWNER TO postgres;

--
-- Name: content_bloganalytics_id_seq; Type: SEQUENCE; Schema: public; Owner: postgres
--

ALTER TABLE public.content_bloganalytics ALTER COLUMN id ADD GENERATED BY DEFAULT AS IDENTITY (
    SEQUENCE NAME public.content_bloganalytics_id_seq
    START WITH 1
    INCREMENT BY 1
    NO MINVALUE
    NO MAXVALUE
    CACHE 1
);


--
-- Name: content_blogpost; Type: TABLE; Schema: public; Owner: postgres
--

CREATE TABLE public.content_blogpost (
    id bigint NOT NULL,
    title character varying(200) NOT NULL,
    slug character varying(50) NOT NULL,
    content text NOT NULL,
    excerpt text NOT NULL,
    featured_image character varying(200) NOT NULL,
    status character varying(10) NOT NULL,
    is_featured boolean NOT NULL,
    seo_title character varying(200) NOT NULL,
    seo_description text NOT NULL,
    published_at timestamp with time zone,
    created_at timestamp with time zone NOT NULL,
    updated_at timestamp with time zone NOT NULL,
    author_id integer NOT NULL,
    category_id bigint NOT NULL,
    view_count integer NOT NULL,
    estimated_read_time integer NOT NULL,
    seo_keywords character varying(500) NOT NULL
);


ALTER TABLE public.content_blogpost OWNER TO postgres;

--
-- Name: content_blogpost_id_seq; Type: SEQUENCE; Schema: public; Owner: postgres
--

ALTER TABLE public.content_blogpost ALTER COLUMN id ADD GENERATED BY DEFAULT AS IDENTITY (
    SEQUENCE NAME public.content_blogpost_id_seq
    START WITH 1
    INCREMENT BY 1
    NO MINVALUE
    NO MAXVALUE
    CACHE 1
);


--
-- Name: content_blogpost_tags; Type: TABLE; Schema: public; Owner: postgres
--

CREATE TABLE public.content_blogpost_tags (
    id bigint NOT NULL,
    blogpost_id bigint NOT NULL,
    tag_id bigint NOT NULL
);


ALTER TABLE public.content_blogpost_tags OWNER TO postgres;

--
-- Name: content_blogpost_tags_id_seq; Type: SEQUENCE; Schema: public; Owner: postgres
--

ALTER TABLE public.content_blogpost_tags ALTER COLUMN id ADD GENERATED BY DEFAULT AS IDENTITY (
    SEQUENCE NAME public.content_blogpost_tags_id_seq
    START WITH 1
    INCREMENT BY 1
    NO MINVALUE
    NO MAXVALUE
    CACHE 1
);


--
-- Name: content_campaign; Type: TABLE; Schema: public; Owner: postgres
--

CREATE TABLE public.content_campaign (
    id bigint NOT NULL,
    name character varying(200) NOT NULL,
    slug character varying(50) NOT NULL,
    description text NOT NULL,
    status character varying(20) NOT NULL,
    start_date timestamp with time zone,
    end_date timestamp with time zone,
    created_at timestamp with time zone NOT NULL,
    updated_at timestamp with time zone NOT NULL,
    created_by_id integer NOT NULL
);


ALTER TABLE public.content_campaign OWNER TO postgres;

--
-- Name: content_campaign_id_seq; Type: SEQUENCE; Schema: public; Owner: postgres
--

ALTER TABLE public.content_campaign ALTER COLUMN id ADD GENERATED BY DEFAULT AS IDENTITY (
    SEQUENCE NAME public.content_campaign_id_seq
    START WITH 1
    INCREMENT BY 1
    NO MINVALUE
    NO MAXVALUE
    CACHE 1
);


--
-- Name: content_casestudy; Type: TABLE; Schema: public; Owner: postgres
--

CREATE TABLE public.content_casestudy (
    id bigint NOT NULL,
    title character varying(200) NOT NULL,
    slug character varying(50) NOT NULL,
    industry character varying(100) NOT NULL,
    client_name character varying(200) NOT NULL,
    challenge text NOT NULL,
    solution text NOT NULL,
    results jsonb NOT NULL,
    implementation_timeline text NOT NULL,
    testimonial text NOT NULL,
    featured_image character varying(200) NOT NULL,
    status character varying(10) NOT NULL,
    is_featured boolean NOT NULL,
    seo_title character varying(200) NOT NULL,
    seo_description text NOT NULL,
    seo_keywords character varying(500) NOT NULL,
    published_at timestamp with time zone,
    created_at timestamp with time zone NOT NULL,
    updated_at timestamp with time zone NOT NULL,
    view_count integer NOT NULL,
    excerpt text NOT NULL,
    category_id bigint
);


ALTER TABLE public.content_casestudy OWNER TO postgres;

--
-- Name: content_casestudy_id_seq; Type: SEQUENCE; Schema: public; Owner: postgres
--

ALTER TABLE public.content_casestudy ALTER COLUMN id ADD GENERATED BY DEFAULT AS IDENTITY (
    SEQUENCE NAME public.content_casestudy_id_seq
    START WITH 1
    INCREMENT BY 1
    NO MINVALUE
    NO MAXVALUE
    CACHE 1
);


--
-- Name: content_casestudycategory; Type: TABLE; Schema: public; Owner: postgres
--

CREATE TABLE public.content_casestudycategory (
    id bigint NOT NULL,
    name character varying(100) NOT NULL,
    slug character varying(50) NOT NULL,
    description text NOT NULL,
    is_active boolean NOT NULL,
    created_at timestamp with time zone NOT NULL,
    updated_at timestamp with time zone NOT NULL
);


ALTER TABLE public.content_casestudycategory OWNER TO postgres;

--
-- Name: content_casestudycategory_id_seq; Type: SEQUENCE; Schema: public; Owner: postgres
--

ALTER TABLE public.content_casestudycategory ALTER COLUMN id ADD GENERATED BY DEFAULT AS IDENTITY (
    SEQUENCE NAME public.content_casestudycategory_id_seq
    START WITH 1
    INCREMENT BY 1
    NO MINVALUE
    NO MAXVALUE
    CACHE 1
);


--
-- Name: content_category; Type: TABLE; Schema: public; Owner: postgres
--

CREATE TABLE public.content_category (
    id bigint NOT NULL,
    name character varying(100) NOT NULL,
    slug character varying(50) NOT NULL,
    description text NOT NULL
);


ALTER TABLE public.content_category OWNER TO postgres;

--
-- Name: content_category_id_seq; Type: SEQUENCE; Schema: public; Owner: postgres
--

ALTER TABLE public.content_category ALTER COLUMN id ADD GENERATED BY DEFAULT AS IDENTITY (
    SEQUENCE NAME public.content_category_id_seq
    START WITH 1
    INCREMENT BY 1
    NO MINVALUE
    NO MAXVALUE
    CACHE 1
);


--
-- Name: content_landingpage; Type: TABLE; Schema: public; Owner: postgres
--

CREATE TABLE public.content_landingpage (
    id bigint NOT NULL,
    title character varying(200) NOT NULL,
    slug character varying(50) NOT NULL,
    content jsonb NOT NULL,
    meta_title character varying(200) NOT NULL,
    meta_description text NOT NULL,
    is_active boolean NOT NULL,
    created_at timestamp with time zone NOT NULL,
    updated_at timestamp with time zone NOT NULL,
    campaign_id bigint NOT NULL,
    created_by_id integer NOT NULL
);


ALTER TABLE public.content_landingpage OWNER TO postgres;

--
-- Name: content_landingpage_id_seq; Type: SEQUENCE; Schema: public; Owner: postgres
--

ALTER TABLE public.content_landingpage ALTER COLUMN id ADD GENERATED BY DEFAULT AS IDENTITY (
    SEQUENCE NAME public.content_landingpage_id_seq
    START WITH 1
    INCREMENT BY 1
    NO MINVALUE
    NO MAXVALUE
    CACHE 1
);


--
-- Name: content_leadmagnet; Type: TABLE; Schema: public; Owner: postgres
--

CREATE TABLE public.content_leadmagnet (
    id bigint NOT NULL,
    title character varying(200) NOT NULL,
    slug character varying(50) NOT NULL,
    description text NOT NULL,
    value_proposition text NOT NULL,
    is_active boolean NOT NULL,
    conversion_rate numeric(5,2) NOT NULL,
    created_at timestamp with time zone NOT NULL,
    updated_at timestamp with time zone NOT NULL,
    resource_id bigint NOT NULL
);


ALTER TABLE public.content_leadmagnet OWNER TO postgres;

--
-- Name: content_leadmagnet_id_seq; Type: SEQUENCE; Schema: public; Owner: postgres
--

ALTER TABLE public.content_leadmagnet ALTER COLUMN id ADD GENERATED BY DEFAULT AS IDENTITY (
    SEQUENCE NAME public.content_leadmagnet_id_seq
    START WITH 1
    INCREMENT BY 1
    NO MINVALUE
    NO MAXVALUE
    CACHE 1
);


--
-- Name: content_resource; Type: TABLE; Schema: public; Owner: postgres
--

CREATE TABLE public.content_resource (
    id bigint NOT NULL,
    title character varying(200) NOT NULL,
    slug character varying(50) NOT NULL,
    description text NOT NULL,
    resource_type character varying(20) NOT NULL,
    file_url character varying(200) NOT NULL,
    thumbnail_url character varying(200) NOT NULL,
    is_gated boolean NOT NULL,
    download_count integer NOT NULL,
    created_at timestamp with time zone NOT NULL,
    updated_at timestamp with time zone NOT NULL,
    lead_magnet_conversion_rate numeric(5,2) NOT NULL,
    seo_keywords character varying(500) NOT NULL
);


ALTER TABLE public.content_resource OWNER TO postgres;

--
-- Name: content_resource_id_seq; Type: SEQUENCE; Schema: public; Owner: postgres
--

ALTER TABLE public.content_resource ALTER COLUMN id ADD GENERATED BY DEFAULT AS IDENTITY (
    SEQUENCE NAME public.content_resource_id_seq
    START WITH 1
    INCREMENT BY 1
    NO MINVALUE
    NO MAXVALUE
    CACHE 1
);


--
-- Name: content_resource_tags; Type: TABLE; Schema: public; Owner: postgres
--

CREATE TABLE public.content_resource_tags (
    id bigint NOT NULL,
    resource_id bigint NOT NULL,
    tag_id bigint NOT NULL
);


ALTER TABLE public.content_resource_tags OWNER TO postgres;

--
-- Name: content_resource_tags_id_seq; Type: SEQUENCE; Schema: public; Owner: postgres
--

ALTER TABLE public.content_resource_tags ALTER COLUMN id ADD GENERATED BY DEFAULT AS IDENTITY (
    SEQUENCE NAME public.content_resource_tags_id_seq
    START WITH 1
    INCREMENT BY 1
    NO MINVALUE
    NO MAXVALUE
    CACHE 1
);


--
-- Name: content_resourcedownload; Type: TABLE; Schema: public; Owner: postgres
--

CREATE TABLE public.content_resourcedownload (
    id bigint NOT NULL,
    email character varying(254) NOT NULL,
    first_name character varying(100) NOT NULL,
    company character varying(200) NOT NULL,
    downloaded_at timestamp with time zone NOT NULL,
    source_url character varying(200) NOT NULL,
    resource_id bigint NOT NULL,
    subscriber_id bigint
);


ALTER TABLE public.content_resourcedownload OWNER TO postgres;

--
-- Name: content_resourcedownload_id_seq; Type: SEQUENCE; Schema: public; Owner: postgres
--

ALTER TABLE public.content_resourcedownload ALTER COLUMN id ADD GENERATED BY DEFAULT AS IDENTITY (
    SEQUENCE NAME public.content_resourcedownload_id_seq
    START WITH 1
    INCREMENT BY 1
    NO MINVALUE
    NO MAXVALUE
    CACHE 1
);


--
-- Name: content_tag; Type: TABLE; Schema: public; Owner: postgres
--

CREATE TABLE public.content_tag (
    id bigint NOT NULL,
    name character varying(100) NOT NULL,
    slug character varying(50) NOT NULL
);


ALTER TABLE public.content_tag OWNER TO postgres;

--
-- Name: content_tag_id_seq; Type: SEQUENCE; Schema: public; Owner: postgres
--

ALTER TABLE public.content_tag ALTER COLUMN id ADD GENERATED BY DEFAULT AS IDENTITY (
    SEQUENCE NAME public.content_tag_id_seq
    START WITH 1
    INCREMENT BY 1
    NO MINVALUE
    NO MAXVALUE
    CACHE 1
);


--
-- Name: content_variant; Type: TABLE; Schema: public; Owner: postgres
--

CREATE TABLE public.content_variant (
    id bigint NOT NULL,
    name character varying(50) NOT NULL,
    content jsonb NOT NULL,
    traffic_percentage integer NOT NULL,
    created_at timestamp with time zone NOT NULL,
    updated_at timestamp with time zone NOT NULL,
    ab_test_id bigint NOT NULL
);


ALTER TABLE public.content_variant OWNER TO postgres;

--
-- Name: content_variant_id_seq; Type: SEQUENCE; Schema: public; Owner: postgres
--

ALTER TABLE public.content_variant ALTER COLUMN id ADD GENERATED BY DEFAULT AS IDENTITY (
    SEQUENCE NAME public.content_variant_id_seq
    START WITH 1
    INCREMENT BY 1
    NO MINVALUE
    NO MAXVALUE
    CACHE 1
);


--
-- Name: content_variantvisit; Type: TABLE; Schema: public; Owner: postgres
--

CREATE TABLE public.content_variantvisit (
    id bigint NOT NULL,
    session_id character varying(100) NOT NULL,
    "timestamp" timestamp with time zone NOT NULL,
    converted boolean NOT NULL,
    conversion_timestamp timestamp with time zone,
    variant_id bigint NOT NULL
);


ALTER TABLE public.content_variantvisit OWNER TO postgres;

--
-- Name: content_variantvisit_id_seq; Type: SEQUENCE; Schema: public; Owner: postgres
--

ALTER TABLE public.content_variantvisit ALTER COLUMN id ADD GENERATED BY DEFAULT AS IDENTITY (
    SEQUENCE NAME public.content_variantvisit_id_seq
    START WITH 1
    INCREMENT BY 1
    NO MINVALUE
    NO MAXVALUE
    CACHE 1
);


--
-- Name: django_admin_log; Type: TABLE; Schema: public; Owner: postgres
--

CREATE TABLE public.django_admin_log (
    id integer NOT NULL,
    action_time timestamp with time zone NOT NULL,
    object_id text,
    object_repr character varying(200) NOT NULL,
    action_flag smallint NOT NULL,
    change_message text NOT NULL,
    content_type_id integer,
    user_id integer NOT NULL,
    CONSTRAINT django_admin_log_action_flag_check CHECK ((action_flag >= 0))
);


ALTER TABLE public.django_admin_log OWNER TO postgres;

--
-- Name: django_admin_log_id_seq; Type: SEQUENCE; Schema: public; Owner: postgres
--

ALTER TABLE public.django_admin_log ALTER COLUMN id ADD GENERATED BY DEFAULT AS IDENTITY (
    SEQUENCE NAME public.django_admin_log_id_seq
    START WITH 1
    INCREMENT BY 1
    NO MINVALUE
    NO MAXVALUE
    CACHE 1
);


--
-- Name: django_content_type; Type: TABLE; Schema: public; Owner: postgres
--

CREATE TABLE public.django_content_type (
    id integer NOT NULL,
    app_label character varying(100) NOT NULL,
    model character varying(100) NOT NULL
);


ALTER TABLE public.django_content_type OWNER TO postgres;

--
-- Name: django_content_type_id_seq; Type: SEQUENCE; Schema: public; Owner: postgres
--

ALTER TABLE public.django_content_type ALTER COLUMN id ADD GENERATED BY DEFAULT AS IDENTITY (
    SEQUENCE NAME public.django_content_type_id_seq
    START WITH 1
    INCREMENT BY 1
    NO MINVALUE
    NO MAXVALUE
    CACHE 1
);


--
-- Name: django_migrations; Type: TABLE; Schema: public; Owner: postgres
--

CREATE TABLE public.django_migrations (
    id bigint NOT NULL,
    app character varying(255) NOT NULL,
    name character varying(255) NOT NULL,
    applied timestamp with time zone NOT NULL
);


ALTER TABLE public.django_migrations OWNER TO postgres;

--
-- Name: django_migrations_id_seq; Type: SEQUENCE; Schema: public; Owner: postgres
--

ALTER TABLE public.django_migrations ALTER COLUMN id ADD GENERATED BY DEFAULT AS IDENTITY (
    SEQUENCE NAME public.django_migrations_id_seq
    START WITH 1
    INCREMENT BY 1
    NO MINVALUE
    NO MAXVALUE
    CACHE 1
);


--
-- Name: django_session; Type: TABLE; Schema: public; Owner: postgres
--

CREATE TABLE public.django_session (
    session_key character varying(40) NOT NULL,
    session_data text NOT NULL,
    expire_date timestamp with time zone NOT NULL
);


ALTER TABLE public.django_session OWNER TO postgres;

--
-- Name: leads_contact; Type: TABLE; Schema: public; Owner: postgres
--

CREATE TABLE public.leads_contact (
    id bigint NOT NULL,
    first_name character varying(100) NOT NULL,
    last_name character varying(100) NOT NULL,
    email character varying(254) NOT NULL,
    company character varying(200) NOT NULL,
    job_title character varying(200) NOT NULL,
    phone character varying(50) NOT NULL,
    source character varying(50) NOT NULL,
    status character varying(50) NOT NULL,
    score integer NOT NULL,
    company_size character varying(50) NOT NULL,
    industry character varying(100) NOT NULL,
    annual_revenue numeric(15,2),
    is_active boolean NOT NULL,
    created_at timestamp with time zone NOT NULL,
    updated_at timestamp with time zone NOT NULL,
    last_contacted timestamp with time zone,
    assigned_to_id integer,
    identity_id uuid
);


ALTER TABLE public.leads_contact OWNER TO postgres;

--
-- Name: leads_contact_id_seq; Type: SEQUENCE; Schema: public; Owner: postgres
--

ALTER TABLE public.leads_contact ALTER COLUMN id ADD GENERATED BY DEFAULT AS IDENTITY (
    SEQUENCE NAME public.leads_contact_id_seq
    START WITH 1
    INCREMENT BY 1
    NO MINVALUE
    NO MAXVALUE
    CACHE 1
);


--
-- Name: leads_identity; Type: TABLE; Schema: public; Owner: postgres
--

CREATE TABLE public.leads_identity (
    id uuid NOT NULL,
    primary_email character varying(254),
    anonymous_id character varying(100),
    current_session_id character varying(100),
    is_anonymous boolean NOT NULL,
    is_verified boolean NOT NULL,
    first_seen_at timestamp with time zone NOT NULL,
    last_seen_at timestamp with time zone NOT NULL,
    source_of_first_identification character varying(50),
    last_ip_address inet,
    last_user_agent text NOT NULL,
    marketing_consent boolean NOT NULL,
    analytics_consent boolean NOT NULL,
    consent_updated_at timestamp with time zone,
    merged_with_id uuid,
    is_active boolean NOT NULL
);


ALTER TABLE public.leads_identity OWNER TO postgres;

--
-- Name: leads_identitydevice; Type: TABLE; Schema: public; Owner: postgres
--

CREATE TABLE public.leads_identitydevice (
    id bigint NOT NULL,
    fingerprint character varying(255) NOT NULL,
    first_seen_at timestamp with time zone NOT NULL,
    last_seen_at timestamp with time zone NOT NULL,
    user_agent text,
    is_active boolean NOT NULL,
    identity_id uuid NOT NULL
);


ALTER TABLE public.leads_identitydevice OWNER TO postgres;

--
-- Name: leads_identitydevice_id_seq; Type: SEQUENCE; Schema: public; Owner: postgres
--

ALTER TABLE public.leads_identitydevice ALTER COLUMN id ADD GENERATED BY DEFAULT AS IDENTITY (
    SEQUENCE NAME public.leads_identitydevice_id_seq
    START WITH 1
    INCREMENT BY 1
    NO MINVALUE
    NO MAXVALUE
    CACHE 1
);


--
-- Name: leads_identityemail; Type: TABLE; Schema: public; Owner: postgres
--

CREATE TABLE public.leads_identityemail (
    id bigint NOT NULL,
    email character varying(254) NOT NULL,
    is_primary boolean NOT NULL,
    is_verified boolean NOT NULL,
    verification_sent_at timestamp with time zone,
    verified_at timestamp with time zone,
    first_seen_at timestamp with time zone NOT NULL,
    last_used_at timestamp with time zone NOT NULL,
    identity_id uuid NOT NULL
);


ALTER TABLE public.leads_identityemail OWNER TO postgres;

--
-- Name: leads_identityemail_id_seq; Type: SEQUENCE; Schema: public; Owner: postgres
--

ALTER TABLE public.leads_identityemail ALTER COLUMN id ADD GENERATED BY DEFAULT AS IDENTITY (
    SEQUENCE NAME public.leads_identityemail_id_seq
    START WITH 1
    INCREMENT BY 1
    NO MINVALUE
    NO MAXVALUE
    CACHE 1
);


--
-- Name: leads_interaction; Type: TABLE; Schema: public; Owner: postgres
--

CREATE TABLE public.leads_interaction (
    id bigint NOT NULL,
    type character varying(50) NOT NULL,
    description text NOT NULL,
    created_at timestamp with time zone NOT NULL,
    contact_id bigint NOT NULL,
    created_by_id integer
);


ALTER TABLE public.leads_interaction OWNER TO postgres;

--
-- Name: leads_interaction_id_seq; Type: SEQUENCE; Schema: public; Owner: postgres
--

ALTER TABLE public.leads_interaction ALTER COLUMN id ADD GENERATED BY DEFAULT AS IDENTITY (
    SEQUENCE NAME public.leads_interaction_id_seq
    START WITH 1
    INCREMENT BY 1
    NO MINVALUE
    NO MAXVALUE
    CACHE 1
);


--
-- Name: leads_leadscore; Type: TABLE; Schema: public; Owner: postgres
--

CREATE TABLE public.leads_leadscore (
    id bigint NOT NULL,
    score_type character varying(50) NOT NULL,
    score integer NOT NULL,
    reason character varying(200) NOT NULL,
    created_at timestamp with time zone NOT NULL,
    contact_id bigint NOT NULL
);


ALTER TABLE public.leads_leadscore OWNER TO postgres;

--
-- Name: leads_leadscore_id_seq; Type: SEQUENCE; Schema: public; Owner: postgres
--

ALTER TABLE public.leads_leadscore ALTER COLUMN id ADD GENERATED BY DEFAULT AS IDENTITY (
    SEQUENCE NAME public.leads_leadscore_id_seq
    START WITH 1
    INCREMENT BY 1
    NO MINVALUE
    NO MAXVALUE
    CACHE 1
);


--
-- Name: leads_newslettersubscription; Type: TABLE; Schema: public; Owner: postgres
--

CREATE TABLE public.leads_newslettersubscription (
    id bigint NOT NULL,
    first_name character varying(100) NOT NULL,
    email character varying(254) NOT NULL,
    source character varying(20) NOT NULL,
    subscribed_at timestamp with time zone NOT NULL,
    is_active boolean NOT NULL,
    ip_address inet,
    user_agent text NOT NULL,
    time_to_signup integer
);


ALTER TABLE public.leads_newslettersubscription OWNER TO postgres;

--
-- Name: leads_newslettersubscription_id_seq; Type: SEQUENCE; Schema: public; Owner: postgres
--

ALTER TABLE public.leads_newslettersubscription ALTER COLUMN id ADD GENERATED BY DEFAULT AS IDENTITY (
    SEQUENCE NAME public.leads_newslettersubscription_id_seq
    START WITH 1
    INCREMENT BY 1
    NO MINVALUE
    NO MAXVALUE
    CACHE 1
);


--
-- Name: leads_roicalculation; Type: TABLE; Schema: public; Owner: postgres
--

CREATE TABLE public.leads_roicalculation (
    id bigint NOT NULL,
    annual_revenue numeric(15,2) NOT NULL,
    data_team_size integer NOT NULL,
    roi_percentage numeric(8,2),
    payback_months integer,
    created_at timestamp with time zone NOT NULL,
    updated_at timestamp with time zone NOT NULL,
    contact_id bigint NOT NULL,
    avg_salary numeric(10,2),
    completion_rate integer,
    current_tools_cost numeric(10,2),
    data_request_backlog integer,
    efficiency_savings numeric(15,2),
    labor_cost_savings numeric(15,2),
    manual_hours_weekly integer,
    projected_completion_rate integer,
    projected_time_savings integer,
    report_turnaround_days integer,
    total_annual_savings numeric(15,2)
);


ALTER TABLE public.leads_roicalculation OWNER TO postgres;

--
-- Name: leads_roicalculation_id_seq; Type: SEQUENCE; Schema: public; Owner: postgres
--

ALTER TABLE public.leads_roicalculation ALTER COLUMN id ADD GENERATED BY DEFAULT AS IDENTITY (
    SEQUENCE NAME public.leads_roicalculation_id_seq
    START WITH 1
    INCREMENT BY 1
    NO MINVALUE
    NO MAXVALUE
    CACHE 1
);


--
-- Name: services_service; Type: TABLE; Schema: public; Owner: postgres
--

CREATE TABLE public.services_service (
    id bigint NOT NULL,
    name character varying(200) NOT NULL,
    slug character varying(50) NOT NULL,
    package_type character varying(20) NOT NULL,
    description text NOT NULL,
    base_price numeric(10,2) NOT NULL,
    duration character varying(100) NOT NULL,
    is_active boolean NOT NULL,
    created_at timestamp with time zone NOT NULL,
    updated_at timestamp with time zone NOT NULL,
    category_id bigint NOT NULL
);


ALTER TABLE public.services_service OWNER TO postgres;

--
-- Name: services_service_id_seq; Type: SEQUENCE; Schema: public; Owner: postgres
--

ALTER TABLE public.services_service ALTER COLUMN id ADD GENERATED BY DEFAULT AS IDENTITY (
    SEQUENCE NAME public.services_service_id_seq
    START WITH 1
    INCREMENT BY 1
    NO MINVALUE
    NO MAXVALUE
    CACHE 1
);


--
-- Name: services_servicecategory; Type: TABLE; Schema: public; Owner: postgres
--

CREATE TABLE public.services_servicecategory (
    id bigint NOT NULL,
    name character varying(100) NOT NULL,
    slug character varying(50) NOT NULL,
    description text NOT NULL,
    created_at timestamp with time zone NOT NULL,
    updated_at timestamp with time zone NOT NULL
);


ALTER TABLE public.services_servicecategory OWNER TO postgres;

--
-- Name: services_servicecategory_id_seq; Type: SEQUENCE; Schema: public; Owner: postgres
--

ALTER TABLE public.services_servicecategory ALTER COLUMN id ADD GENERATED BY DEFAULT AS IDENTITY (
    SEQUENCE NAME public.services_servicecategory_id_seq
    START WITH 1
    INCREMENT BY 1
    NO MINVALUE
    NO MAXVALUE
    CACHE 1
);


--
-- Name: services_servicedeliverable; Type: TABLE; Schema: public; Owner: postgres
--

CREATE TABLE public.services_servicedeliverable (
    id bigint NOT NULL,
    name character varying(200) NOT NULL,
    description text NOT NULL,
    timeline character varying(100) NOT NULL,
    "order" integer NOT NULL,
    service_id bigint NOT NULL,
    CONSTRAINT services_servicedeliverable_order_check CHECK (("order" >= 0))
);


ALTER TABLE public.services_servicedeliverable OWNER TO postgres;

--
-- Name: services_servicedeliverable_id_seq; Type: SEQUENCE; Schema: public; Owner: postgres
--

ALTER TABLE public.services_servicedeliverable ALTER COLUMN id ADD GENERATED BY DEFAULT AS IDENTITY (
    SEQUENCE NAME public.services_servicedeliverable_id_seq
    START WITH 1
    INCREMENT BY 1
    NO MINVALUE
    NO MAXVALUE
    CACHE 1
);


--
-- Name: services_servicefeature; Type: TABLE; Schema: public; Owner: postgres
--

CREATE TABLE public.services_servicefeature (
    id bigint NOT NULL,
    name character varying(200) NOT NULL,
    description text NOT NULL,
    is_highlighted boolean NOT NULL,
    "order" integer NOT NULL,
    service_id bigint NOT NULL,
    CONSTRAINT services_servicefeature_order_check CHECK (("order" >= 0))
);


ALTER TABLE public.services_servicefeature OWNER TO postgres;

--
-- Name: services_servicefeature_id_seq; Type: SEQUENCE; Schema: public; Owner: postgres
--

ALTER TABLE public.services_servicefeature ALTER COLUMN id ADD GENERATED BY DEFAULT AS IDENTITY (
    SEQUENCE NAME public.services_servicefeature_id_seq
    START WITH 1
    INCREMENT BY 1
    NO MINVALUE
    NO MAXVALUE
    CACHE 1
);


--
-- Data for Name: accounts_user; Type: TABLE DATA; Schema: public; Owner: postgres
--

COPY public.accounts_user (id, password, last_login, is_superuser, first_name, last_name, is_staff, is_active, date_joined, email, company_name, job_title, industry, company_size) FROM stdin;
1	pbkdf2_sha256$870000$HwQoxcRz7JcAl0oTDCHT5q$rVZz1Nr1/Oo72FhiHVhViZ6/Yr2SNNr3x57w6LHxwwc=	\N	f	Test	User	f	t	2024-11-14 18:53:29.753431+00	test@example.com				
2	pbkdf2_sha256$870000$MRHy7FeHS9rQ5A87jQCuYO$eyM3BiL4wrx6/bA3n56GFCXL9Uza7cRM5fpWkY4dD3E=	\N	f	TestA	UserA	f	t	2024-11-14 18:55:20.05084+00	testa@example.com				
3	pbkdf2_sha256$870000$jX4xmEhMphmoONTprdvol3$Q+5FIRXKMYVWnZzwD2ZafGY6ub1oKUFoakf7GoNoEIM=	\N	f	Test2	User2	f	t	2024-11-14 18:57:14.289139+00	test2@example.com	Test Corp	Manager	Technology	50-100
4	pbkdf2_sha256$870000$parGzjoyYhF2PcRIlzSo1A$EQlNiDhFWZLzQHY/O9wclvsct+IuZ6e38LJqLwPTRHg=	\N	f	Test3	User3	f	t	2024-11-14 23:33:11.052191+00	test3@example.com	Demo Corp	Director	Healthcare	100-500
5	pbkdf2_sha256$870000$tvLVtotHxfelowv1CP6HKV$pdNg6FdmA4PTtKd+KT/cR4PzFuyNPDp1PL2gEClvx/Q=	\N	f	Test4	User4	f	t	2024-11-14 23:38:53.665863+00	test4@example.com	Demo Corp	Director	Healthcare	100-500
6	pbkdf2_sha256$870000$iJPwXdctJQcQYoReQVdYlv$1sdPLJmacCLPeboZh4ucxMbIeOg36DPRe88QOqb7xl0=	\N	f	Test5	User5	f	t	2024-11-15 00:59:09.016409+00	test5@example.com	Tech Corp	CTO	Technology	50-200
\.


--
-- Data for Name: accounts_user_groups; Type: TABLE DATA; Schema: public; Owner: postgres
--

COPY public.accounts_user_groups (id, user_id, group_id) FROM stdin;
\.


--
-- Data for Name: accounts_user_user_permissions; Type: TABLE DATA; Schema: public; Owner: postgres
--

COPY public.accounts_user_user_permissions (id, user_id, permission_id) FROM stdin;
\.


--
-- Data for Name: accounts_userprofile; Type: TABLE DATA; Schema: public; Owner: postgres
--

COPY public.accounts_userprofile (id, phone, subscription_type, subscription_status, created_at, updated_at, user_id) FROM stdin;
1			inactive	2024-11-14 18:53:29.918564+00	2024-11-14 18:53:29.918569+00	1
2			inactive	2024-11-14 18:55:20.202514+00	2024-11-14 18:55:20.202519+00	2
3			inactive	2024-11-14 18:57:14.432036+00	2024-11-14 18:57:14.43204+00	3
4			inactive	2024-11-14 23:33:11.219364+00	2024-11-14 23:33:11.219368+00	4
5			inactive	2024-11-14 23:38:53.834824+00	2024-11-14 23:38:53.834829+00	5
6			inactive	2024-11-15 00:59:09.186492+00	2024-11-15 00:59:09.186499+00	6
\.


--
-- Data for Name: auth_group; Type: TABLE DATA; Schema: public; Owner: postgres
--

COPY public.auth_group (id, name) FROM stdin;
\.


--
-- Data for Name: auth_group_permissions; Type: TABLE DATA; Schema: public; Owner: postgres
--

COPY public.auth_group_permissions (id, group_id, permission_id) FROM stdin;
\.


--
-- Data for Name: auth_permission; Type: TABLE DATA; Schema: public; Owner: postgres
--

COPY public.auth_permission (id, name, content_type_id, codename) FROM stdin;
1	Can add log entry	1	add_logentry
2	Can change log entry	1	change_logentry
3	Can delete log entry	1	delete_logentry
4	Can view log entry	1	view_logentry
5	Can add permission	2	add_permission
6	Can change permission	2	change_permission
7	Can delete permission	2	delete_permission
8	Can view permission	2	view_permission
9	Can add group	3	add_group
10	Can change group	3	change_group
11	Can delete group	3	delete_group
12	Can view group	3	view_group
13	Can add user	4	add_user
14	Can change user	4	change_user
15	Can delete user	4	delete_user
16	Can view user	4	view_user
17	Can add content type	5	add_contenttype
18	Can change content type	5	change_contenttype
19	Can delete content type	5	delete_contenttype
20	Can view content type	5	view_contenttype
21	Can add session	6	add_session
22	Can change session	6	change_session
23	Can delete session	6	delete_session
24	Can view session	6	view_session
25	Can add user profile	7	add_userprofile
26	Can change user profile	7	change_userprofile
27	Can delete user profile	7	delete_userprofile
28	Can view user profile	7	view_userprofile
29	Can add user	8	add_user
30	Can change user	8	change_user
31	Can delete user	8	delete_user
32	Can view user	8	view_user
33	Can add service feature	9	add_servicefeature
34	Can change service feature	9	change_servicefeature
35	Can delete service feature	9	delete_servicefeature
36	Can view service feature	9	view_servicefeature
37	Can add service	10	add_service
38	Can change service	10	change_service
39	Can delete service	10	delete_service
40	Can view service	10	view_service
41	Can add service category	11	add_servicecategory
42	Can change service category	11	change_servicecategory
43	Can delete service category	11	delete_servicecategory
44	Can view service category	11	view_servicecategory
45	Can add service deliverable	12	add_servicedeliverable
46	Can change service deliverable	12	change_servicedeliverable
47	Can delete service deliverable	12	delete_servicedeliverable
48	Can view service deliverable	12	view_servicedeliverable
49	Can add newsletter subscriber	13	add_newslettersubscriber
50	Can change newsletter subscriber	13	change_newslettersubscriber
51	Can delete newsletter subscriber	13	delete_newslettersubscriber
52	Can view newsletter subscriber	13	view_newslettersubscriber
53	Can add category	14	add_category
54	Can change category	14	change_category
55	Can delete category	14	delete_category
56	Can view category	14	view_category
57	Can add blog post	15	add_blogpost
58	Can change blog post	15	change_blogpost
59	Can delete blog post	15	delete_blogpost
60	Can view blog post	15	view_blogpost
61	Can add lead magnet	16	add_leadmagnet
62	Can change lead magnet	16	change_leadmagnet
63	Can delete lead magnet	16	delete_leadmagnet
64	Can view lead magnet	16	view_leadmagnet
65	Can add resource	17	add_resource
66	Can change resource	17	change_resource
67	Can delete resource	17	delete_resource
68	Can view resource	17	view_resource
69	Can add contact	18	add_contact
70	Can change contact	18	change_contact
71	Can delete contact	18	delete_contact
72	Can view contact	18	view_contact
73	Can add roi calculation	19	add_roicalculation
74	Can change roi calculation	19	change_roicalculation
75	Can delete roi calculation	19	delete_roicalculation
76	Can view roi calculation	19	view_roicalculation
77	Can add lead score	20	add_leadscore
78	Can change lead score	20	change_leadscore
79	Can delete lead score	20	delete_leadscore
80	Can view lead score	20	view_leadscore
81	Can add interaction	21	add_interaction
82	Can change interaction	21	change_interaction
83	Can delete interaction	21	delete_interaction
84	Can view interaction	21	view_interaction
85	Can add tag	22	add_tag
86	Can change tag	22	change_tag
87	Can delete tag	22	delete_tag
88	Can view tag	22	view_tag
89	Can add blog analytics	23	add_bloganalytics
90	Can change blog analytics	23	change_bloganalytics
91	Can delete blog analytics	23	delete_bloganalytics
92	Can view blog analytics	23	view_bloganalytics
93	Can add resource download	24	add_resourcedownload
94	Can change resource download	24	change_resourcedownload
95	Can delete resource download	24	delete_resourcedownload
96	Can view resource download	24	view_resourcedownload
97	Can add newsletter subscription	25	add_newslettersubscription
98	Can change newsletter subscription	25	change_newslettersubscription
99	Can delete newsletter subscription	25	delete_newslettersubscription
100	Can view newsletter subscription	25	view_newslettersubscription
101	Can add A/B Test	26	add_abtest
102	Can change A/B Test	26	change_abtest
103	Can delete A/B Test	26	delete_abtest
104	Can view A/B Test	26	view_abtest
105	Can add campaign	27	add_campaign
106	Can change campaign	27	change_campaign
107	Can delete campaign	27	delete_campaign
108	Can view campaign	27	view_campaign
109	Can add variant visit	28	add_variantvisit
110	Can change variant visit	28	change_variantvisit
111	Can delete variant visit	28	delete_variantvisit
112	Can view variant visit	28	view_variantvisit
113	Can add variant	29	add_variant
114	Can change variant	29	change_variant
115	Can delete variant	29	delete_variant
116	Can view variant	29	view_variant
117	Can add landing page	30	add_landingpage
118	Can change landing page	30	change_landingpage
119	Can delete landing page	30	delete_landingpage
120	Can view landing page	30	view_landingpage
121	Can add identity	31	add_identity
122	Can change identity	31	change_identity
123	Can delete identity	31	delete_identity
124	Can view identity	31	view_identity
125	Can add Identity Email	32	add_identityemail
126	Can change Identity Email	32	change_identityemail
127	Can delete Identity Email	32	delete_identityemail
128	Can view Identity Email	32	view_identityemail
129	Can add identity device	33	add_identitydevice
130	Can change identity device	33	change_identitydevice
131	Can delete identity device	33	delete_identitydevice
132	Can view identity device	33	view_identitydevice
133	Can add case study	34	add_casestudy
134	Can change case study	34	change_casestudy
135	Can delete case study	34	delete_casestudy
136	Can view case study	34	view_casestudy
137	Can add case study category	35	add_casestudycategory
138	Can change case study category	35	change_casestudycategory
139	Can delete case study category	35	delete_casestudycategory
140	Can view case study category	35	view_casestudycategory
\.


--
-- Data for Name: auth_user; Type: TABLE DATA; Schema: public; Owner: postgres
--

COPY public.auth_user (id, password, last_login, is_superuser, username, first_name, last_name, email, is_staff, is_active, date_joined) FROM stdin;
1	pbkdf2_sha256$720000$RtKZGPWlwW8BxbMlT63lU9$bGrEmwMRm0tUCjODetOf6bk+8yo65jo4YIj/JGWWiks=	2024-11-30 16:00:52.269524+00	t	Whit			whitney.walters@gmail.com	t	t	2024-11-15 04:45:24.981799+00
2	pbkdf2_sha256$720000$RvIbIMoylO4EFKeS1wWiw3$x1bBfcQ4X3SNIl31NSQXGzDSdJPLqWe5//OcV8CwohQ=	2025-01-06 17:48:04.331214+00	t	whitneywalters			whitney.walters@gmail.com	t	t	2024-12-04 23:46:00.585813+00
4	pbkdf2_sha256$720000$YH9OYxFnG6G3rkFG0nWrPh$ffASEzA0aTuMlo8dgRa63BswSwS86AC7W5ohSZ7osPU=	2025-01-07 20:37:46.740025+00	t	jayswartz				t	t	2025-01-07 20:35:35+00
\.


--
-- Data for Name: auth_user_groups; Type: TABLE DATA; Schema: public; Owner: postgres
--

COPY public.auth_user_groups (id, user_id, group_id) FROM stdin;
\.


--
-- Data for Name: auth_user_user_permissions; Type: TABLE DATA; Schema: public; Owner: postgres
--

COPY public.auth_user_user_permissions (id, user_id, permission_id) FROM stdin;
\.


--
-- Data for Name: content_abtest; Type: TABLE DATA; Schema: public; Owner: postgres
--

COPY public.content_abtest (id, name, description, start_date, end_date, is_active, created_at, updated_at, created_by_id, landing_page_id) FROM stdin;
\.


--
-- Data for Name: content_bloganalytics; Type: TABLE DATA; Schema: public; Owner: postgres
--

COPY public.content_bloganalytics (id, avg_time_on_page, bounce_rate, return_visits, social_shares, last_updated, blog_post_id) FROM stdin;
\.


--
-- Data for Name: content_blogpost; Type: TABLE DATA; Schema: public; Owner: postgres
--

COPY public.content_blogpost (id, title, slug, content, excerpt, featured_image, status, is_featured, seo_title, seo_description, published_at, created_at, updated_at, author_id, category_id, view_count, estimated_read_time, seo_keywords) FROM stdin;
4	Unlocking Your Data's Potential: Why Your Organization Needs a Data Strategy	unlocking-your-datas-potential-why-your-organizati	In today's digital age, data is the lifeblood of any successful organization. But simply having data isn't enough. To truly harness its power, you need a roadmap – a data strategy – to guide you.  Without one, you're like a ship without a sail, drifting aimlessly in a sea of information.\r\n\r\nWhat is a Data Strategy?\r\n\r\nA data strategy is a comprehensive plan that outlines how an organization will collect, store, manage, and use its data to achieve its business objectives. It's the compass that guides your data journey toward success.\r\n\r\nWhy Your Organization Needs a Data Strategy\r\n\r\nFind Clarity in the Chaos: A data strategy brings order to your data landscape, breaking down silos and ensuring data quality and consistency.\r\n\r\nMake Smarter Decisions:  With a clear data strategy, you can transform raw data into actionable insights, empowering your teams to make informed decisions.\r\n\r\nFuel Innovation: A data strategy enables you to leverage advanced analytics and AI, unlocking new possibilities and driving innovation.\r\n\r\nBuild a Data-Driven Culture:  A data strategy helps foster a culture where data is valued and used by everyone, from the CEO to the frontline employees.\r\n\r\nGain a Competitive Edge:  In today's data-driven world, a strong data strategy is essential for staying ahead of the competition.\r\n\r\nOptimize Operations: A data strategy helps you streamline processes, reduce costs, and improve efficiency across your organization.\r\n\r\nEnhance Customer Experiences:  By understanding your customers better through data, you can create personalized experiences that build loyalty.\r\n\r\nMitigate Risks: A data strategy includes data governance and security measures, protecting your organization from costly breaches and legal issues.\r\n\r\nAdapt to Change: A data strategy provides the flexibility to adapt to evolving market conditions and technological advancements.\r\n\r\nMaximize Your Data ROI:  A data strategy ensures that your data investments deliver tangible business value and contribute to your bottom line.\r\n\r\nNNS: Your Data Strategy Partner\r\n\r\nDeveloping a robust data strategy can be complex. NNS is here to help. Our expert consultants can guide you through the process, creating a tailored data strategy that aligns with your unique business goals.\r\n\r\n\r\nReady to unlock the full potential of your data? Contact NNS today to learn more about our data strategy consulting services and how we can help your organization thrive in the data age.	In today's digital age, data is the lifeblood of any successful organization. But simply having data isn't enough. To truly harness its power, you need a roadmap – a data strategy – to guide you. Without one, you're like a ship without a sail, drifting aimlessly in a sea of information.		DRAFT	t	10 Reasons Why Your Organization Needs a Data Strategy	Learn why a strong data strategy is crucial for success in today's data-driven world. Discover 10 key benefits and how NNS can help you develop one.	2024-11-17 18:25:53+00	2024-11-17 18:25:59.022712+00	2024-11-17 18:25:59.022728+00	1	1	0	0	
1	Getting Started with Data Strategy	getting-started-with-data-strategy	In today's hyper-competitive landscape, data is no longer just a byproduct of business; it's the lifeblood. Organizations that effectively harness the power of their data gain a significant edge, enabling them to make smarter decisions, optimize operations, and ultimately achieve sustainable growth. But where do you begin? How do you transform this raw resource into actionable insights? The answer lies in a well-defined data strategy.\r\n\r\nAt Neural Nexus Strategies, we've guided countless organizations through the journey of developing and implementing successful data strategies. This article provides a practical roadmap for getting started, covering key considerations and offering a comprehensive guide to building a data-driven future for your organization.\r\n\r\nWhy is a Data Strategy Essential in the Age of AI?\r\n\r\nBefore we delve into the "how," let's reinforce the "why."  A robust data strategy is foundational, especially as Artificial Intelligence (AI) becomes increasingly prevalent.  Consider these key factors:\r\n\r\nAI is Data-Hungry: AI algorithms, particularly machine learning models, thrive on large, high-quality datasets. Without a strategy to collect, manage, and prepare this data, your AI initiatives will be built on shaky ground.\r\nGarbage In, Garbage Out: The accuracy and effectiveness of AI are directly tied to the quality of the data it's fed. A data strategy ensures data integrity, consistency, and relevance, leading to reliable AI outputs.\r\nData Fuels Innovation: AI can unlock hidden patterns and insights within your data, leading to new product development, service enhancements, and innovative business models. A data strategy provides the framework to make this possible.\r\nEthical AI Requires Responsible Data Management: As AI becomes more integrated into our lives, ethical considerations become paramount. A data strategy that includes governance and ethical guidelines helps ensure your AI systems are used responsibly and fairly.\r\nKey Factors to Consider Before Implementing AI\r\nIt is important to note that before implementing AI you must understand your current data environment and how AI can add value to your organization.\r\n\r\nData Availability and Quality: Do you have the necessary data to support your AI goals? Is your data accurate, complete, and consistent?\r\nInfrastructure and Technology: Do you have the right infrastructure and technology to process and store the data needed for AI?\r\nSkills and Talent: Do you have the right people with the necessary data science and AI expertise?\r\nBusiness Alignment: How will AI align with your overall business objectives and strategic goals?\r\nA Comprehensive Guide to Developing Your Organization's Data Strategy\r\n\r\nNow, let's explore the practical steps to developing a winning data strategy:\r\n\r\n1. Define Your Business Objectives and Key Performance Indicators (KPIs):\r\n\r\nStart with the "Why": What are your organization's overarching goals? Are you aiming to increase revenue, improve customer satisfaction, reduce operational costs, or enhance market share?\r\nIdentify Relevant KPIs: Which metrics will measure progress towards these objectives? Examples include customer lifetime value, conversion rates, net promoter score, and operational efficiency ratios.\r\nData as a Means to an End: Remember, data is a tool to achieve your business goals. Your data strategy should be laser-focused on driving these KPIs.\r\n2. Assess Your Current Data Landscape:\r\n\r\nData Inventory: Conduct a thorough inventory of your existing data sources. Where is your data stored (databases, spreadsheets, cloud applications)? What types of data do you collect (transactional, customer, operational)?\r\nData Quality Assessment: Evaluate the quality of your data. Are there issues with accuracy, completeness, consistency, or timeliness? Identify areas for improvement.\r\nData Governance and Security: Review your current data governance policies and security protocols. Are they adequate to protect sensitive data and ensure compliance with regulations (e.g., GDPR, CCPA)?\r\n3. Identify Data Opportunities and Use Cases:\r\n\r\nBrainstorm Potential Use Cases: How can data be used to improve decision-making, optimize processes, or create new opportunities? Consider use cases like predictive maintenance, fraud detection, personalized marketing, and supply chain optimization.\r\nPrioritize Based on Impact and Feasibility: Evaluate the potential impact of each use case on your business objectives and the feasibility of implementation based on your current data, technology, and resources.\r\nFocus on Quick Wins: Start with a few high-impact, achievable use cases to demonstrate the value of your data strategy and build momentum.\r\n4. Develop a Data Architecture and Technology Roadmap:\r\n\r\nData Architecture: Define how data will be collected, stored, processed, and accessed. Consider data lakes, data warehouses, cloud platforms, and data integration tools.\r\nTechnology Roadmap: Outline the technologies needed to support your data strategy, including data management platforms, analytics tools, and AI/ML platforms.\r\nScalability and Flexibility: Ensure your data architecture and technology infrastructure are scalable and flexible to adapt to future needs and evolving technologies.\r\n5. Build a Data-Driven Culture and Team:\r\n\r\nExecutive Sponsorship: Secure strong executive support for your data strategy. A data-driven culture starts from the top.\r\nData Literacy: Invest in training and development programs to improve data literacy across the organization. Empower employees to understand and use data effectively.\r\nData Team: Build a skilled data team with expertise in data engineering, data science, data analytics, and data governance.\r\n6. Implement, Monitor, and Iterate:\r\n\r\nPhased Implementation: Implement your data strategy in phases, starting with the highest-priority use cases and gradually expanding.\r\nPerformance Monitoring: Track key metrics to measure the effectiveness of your data strategy and identify areas for improvement.\r\nContinuous Improvement: Data strategy is not a one-time project. It's an ongoing process that requires continuous monitoring, iteration, and adaptation.\r\nConclusion:\r\n\r\nEmbarking on a data strategy journey is a significant undertaking, but the rewards are immense. By following this guide, you can lay a solid foundation for a data-driven future, enabling your organization to make informed decisions, innovate faster, and thrive in the age of AI. At Neural Nexus Strategies, we're committed to helping organizations like yours unlock the full potential of their data. Contact us today to learn how we can partner with you to develop and implement a winning data strategy.	"In today's data-driven world, a well-defined data strategy is no longer optional – it's the key to unlocking your organization's full potential. But where do you start? This comprehensive guide from Neural Nexus Strategies provides a practical roadmap to building a data-driven future, even in the rapidly evolving landscape of AI. Learn how to transform your raw data into a strategic asset and gain a competitive edge."	https://res.cloudinary.com/dkjqgwlob/image/upload/v1736737758/image_1_slqjz6.jpg	PUBLISHED	t	Getting Started with Data Strategy: A Practical Guide for Businesses	Learn how to develop a data strategy from the ground up. This practical guide provides actionable steps to transform your data into a strategic asset.	\N	2024-11-16 17:31:16.102197+00	2025-01-13 03:09:52.377356+00	1	1	1	9	data strategy, getting started with data strategy, data strategy guide, data-driven decision making, data management, business intelligence, data analytics, AI and data strategy, data governance
2	AI Readiness Assessment Guide	ai-readiness-assessment-guide	Artificial Intelligence (AI) is no longer a futuristic concept; it's a present-day reality reshaping industries and transforming how businesses operate. The potential benefits of AI are immense, from automating tasks and improving efficiency to unlocking new insights and driving innovation. But before embarking on an AI journey, organizations need to ask a critical question: Are we truly ready?\r\n\r\nAt Neural Nexus Strategies, we've seen firsthand that successful AI implementation hinges on a thorough understanding of an organization's current capabilities and limitations. This is where an AI Readiness Assessment becomes crucial. This blog post provides a comprehensive guide to conducting such an assessment, covering key factors to consider and offering a practical framework to evaluate your organization's preparedness for AI adoption.\r\n\r\nWhy is an AI Readiness Assessment Essential?\r\n\r\nJumping into AI without proper preparation can lead to wasted resources, failed projects, and ultimately, disillusionment. An AI Readiness Assessment helps mitigate these risks by:\r\n\r\nIdentifying Gaps and Opportunities: It provides a clear picture of your organization's strengths and weaknesses in relation to AI adoption.\r\nPrioritizing Investments: It helps you focus your resources on the areas that need the most attention to ensure a successful AI implementation.\r\nDeveloping a Realistic Roadmap: It provides the foundation for creating a data-driven AI strategy that aligns with your business objectives and capabilities.\r\nMinimizing Risks: It helps identify potential challenges and roadblocks early on, allowing you to proactively address them.\r\nMaximizing ROI: By ensuring you're prepared for AI, you increase the likelihood of achieving a positive return on your investment.\r\nKey Factors to Consider Before Implementing AI\r\n\r\nBefore implementing AI, organizations should evaluate various factors that can impact the success of AI initiatives. Here's a breakdown of the crucial areas to assess:\r\n\r\n1. Data: The Foundation of AI\r\n\r\nData Availability: Do you have access to the right data to support your AI goals? Identify the data sources relevant to your potential AI use cases.\r\nData Quality: Is your data accurate, complete, consistent, and timely? Poor data quality will lead to unreliable AI models.\r\nData Governance: Do you have policies and processes in place to manage data access, security, and privacy? Strong data governance is essential for ethical and responsible AI.\r\nData Infrastructure: Can your current infrastructure handle the storage, processing, and management demands of AI workloads?\r\n\r\n2. Technology: The Engine of AI\r\n\r\nInfrastructure: Do you have the necessary hardware and software to support AI development and deployment (e.g., cloud computing, GPUs, specialized AI platforms)?\r\nTools and Platforms: Are you equipped with the right tools for data analysis, machine learning, and model deployment?\r\nIntegration: How well will your AI systems integrate with your existing IT infrastructure and applications?\r\n\r\n3. People and Skills: The Human Element of AI\r\n\r\nTalent Acquisition: Do you have access to the talent needed to build, deploy, and maintain AI systems (e.g., data scientists, machine learning engineers, AI specialists)?\r\nSkills Development: Are your current employees equipped with the necessary skills to work with AI? Consider training and upskilling programs.\r\nChange Management: How will you prepare your organization for the cultural and organizational changes that AI adoption will bring?\r\n\r\n4. Strategy and Business Alignment: The "Why" Behind AI\r\n\r\nBusiness Objectives: How will AI contribute to your overall business goals and strategic priorities?\r\nUse Case Identification: What are the specific AI use cases that will deliver the most value to your organization?\r\nROI Measurement: How will you measure the success of your AI initiatives and demonstrate their impact on the business?\r\nEthical Considerations: Have you considered the ethical implications of your AI use cases, including fairness, bias, and transparency?\r\n\r\n5. Organizational Culture: Embracing a Data-Driven Mindset\r\n\r\nData Literacy: Is there a general understanding of data and its value throughout the organization?\r\nCollaboration: Do teams effectively collaborate and share data across departments?\r\nExperimentation: Is the organization open to experimentation and learning from both successes and failures?\r\nHow to Assess Your Organization's Readiness for AI Implementation: A Practical Framework\r\n\r\nNow, let's outline a structured approach to conducting your AI Readiness Assessment:\r\n\r\nPhase 1: Define Scope and Objectives\r\n\r\nIdentify Target Areas: Determine the specific areas of your organization that will be assessed (e.g., a particular department, a specific business process).\r\nDefine Assessment Objectives: Clearly articulate what you hope to achieve with the assessment (e.g., identify key gaps, prioritize AI use cases, develop an AI roadmap).\r\nEstablish Success Criteria: Define how you will measure the success of the assessment itself.\r\n\r\nPhase 2: Data Gathering and Analysis\r\n\r\nSurveys and Interviews: Conduct surveys and interviews with key stakeholders across different departments to gather information about data, technology, skills, and culture.\r\nData Audits: Analyze your existing data sources to assess their quality, completeness, and relevance to potential AI use cases.\r\nTechnology Assessments: Evaluate your current IT infrastructure, tools, and platforms to determine their ability to support AI workloads.\r\nSkills Gap Analysis: Identify the skills gaps within your organization and develop a plan to address them through training or recruitment.\r\n\r\nPhase 3:  Evaluation and Reporting\r\n\r\nGap Analysis: Compare your current state against the desired state for each of the key factors outlined above.\r\nPrioritization Matrix: Prioritize the identified gaps based on their impact on your AI goals and the feasibility of addressing them.\r\nRecommendations: Develop specific, actionable recommendations to address the identified gaps and prepare your organization for AI adoption.\r\nReadiness Report: Document your findings in a comprehensive report that includes an executive summary, detailed analysis, and actionable recommendations.\r\n\r\nPhase 4: Action Planning and Implementation\r\n\r\nDevelop an AI Roadmap: Create a roadmap that outlines the steps needed to implement your AI strategy, including timelines, resource allocation, and key milestones.\r\nPilot Projects: Start with small-scale pilot projects to test your AI solutions and demonstrate their value before scaling up.\r\nContinuous Monitoring: Regularly monitor the progress of your AI initiatives and make adjustments as needed.\r\nConclusion:\r\n\r\nAI offers tremendous potential, but realizing that potential requires careful planning and preparation. An AI Readiness Assessment is a critical first step on the journey to becoming an AI-powered organization. By thoroughly evaluating your data, technology, people, strategy, and culture, you can identify gaps, mitigate risks, and pave the way for successful AI implementation.\r\n\r\nAt Neural Nexus Strategies, we're committed to helping organizations like yours navigate the complexities of AI adoption. Our expertise in AI readiness assessments, combined with our deep understanding of data strategy and digital transformation, can help you unlock the full power of AI and achieve your business objectives.\r\n\r\n\r\nReady to assess your AI readiness? \r\nSchedule a consultation with our AI experts to discuss your specific needs and challenges.\r\nSubscribe to our blog for the latest insights on AI, data strategy, and digital transformation.	"AI is no longer a futuristic dream - it's a present-day imperative. But before you embark on your AI journey, a critical question must be answered: Is your organization truly ready? This blog post from Neural Nexus Strategies dives into the essential factors for AI readiness and provides a step-by-step guide to conducting a thorough AI Readiness Assessment, setting the stage for successful AI adoption."	https://res.cloudinary.com/dkjqgwlob/image/upload/v1736738286/image_2_eib0dt.jpg	PUBLISHED	t	AI Readiness Assessment: A Comprehensive Guide for Your Organization	Is your organization ready for AI? This comprehensive guide provides a framework for conducting an AI readiness assessment and preparing for successful implementation.	\N	2024-11-16 17:32:00.344877+00	2025-01-13 03:20:48.067629+00	1	2	1	12	AI readiness assessment, AI implementation, AI strategy, AI adoption, digital transformation, data readiness, AI readiness checklist, AI roadmap, AI use cases, AI ethics, change management, artificial intelligence
6	Data Leadership Trends	data-leadership-trends	5 Ways a Chief Data Officer Drives Profitability\r\n\r\nIn today's data-driven economy, the role of a Chief Data Officer (CDO) has evolved from a nice-to-have to a critical driver of business success. At Neural Nexus Strategies, we've observed how effective data leadership consistently delivers measurable financial impact. Here's how a CDO can transform your organization's bottom line:\r\n\r\n1. Unlocking Revenue Growth Through Data-Driven Decisions\r\nCompanies with CDOs see an average 5% higher revenue growth rate across industries. By breaking down data silos and implementing cohesive data strategies, CDOs ensure every department has the insights needed to make optimal decisions that drive growth.\r\n\r\n2. Enhancing Customer Experience and Loyalty\r\nThrough strategic data analysis, CDOs help organizations understand and predict customer behavior, leading to personalized experiences that increase retention and lifetime value. Our clients regularly see significant improvements in customer satisfaction metrics after implementing comprehensive data strategies.\r\n\r\n3. Minimizing Risk Through Strong Data Governance\r\nWith data privacy regulations becoming increasingly complex, CDOs protect organizations from costly compliance violations. Strong data governance doesn't just prevent problems – it creates trust that translates into competitive advantage.\r\n\r\n4. Accelerating Innovation and Market Opportunities\r\nCDOs are uniquely positioned to identify emerging opportunities through cross-functional data analysis. By leveraging AI and advanced analytics, they help organizations stay ahead of market trends and create new revenue streams.\r\n\r\n5. Optimizing Operational Efficiency\r\nThrough strategic data management and process optimization, CDOs help reduce operational costs while improving service delivery. In many cases, the efficiency gains alone can justify the investment in data leadership.\r\n\r\nThe numbers speak for themselves: organizations with strong data leadership are nearly twice as likely to exceed their revenue goals. In specific industries like utilities and real estate, the presence of a CDO correlates with up to 25% higher growth rates.\r\n\r\nReady to transform your organization through strategic data leadership? \r\nContact us to learn more about our Fractional CDO services and how we can help you achieve measurable results.	"In today's data-driven economy, the role of a Chief Data Officer (CDO) has evolved from a nice-to-have to a critical driver of business success. At Neural Nexus Strategies, we've observed how effective data leadership consistently delivers measurable financial impact. Through strategic data analysis, CDOs help organizations understand and predict customer behavior, leading to personalized experiences that increase retention and lifetime value. The numbers speak for themselves: organizations with strong data leadership are nearly twice as likely to exceed their revenue goals."	https://res.cloudinary.com/dkjqgwlob/image/upload/v1736738734/image_3_snk8l1.jpg	PUBLISHED	t	How a Chief Data Officer Drives 5X ROI: A Data Leadership Guide | Neural Nexus	Discover how a Chief Data Officer drives profitability through data-driven decisions, enhanced customer experience, and operational efficiency. Learn why companies with CDOs see 5% higher revenue growth.	2024-11-27 02:56:18+00	2024-11-27 02:58:29.435759+00	2025-01-13 03:27:18.562052+00	1	3	5	3	Primary:  Chief Data Officer ROI CDO benefits data leadership  Secondary:  data-driven decision making data governance business intelligence operational efficiency data strategy digital transformation data analytics ROI corporate data leadership business data management CDO value proposition
5	Data Strategy Deep Dive 1: Taming the Data Jungle -  A Practical Guide	data-strategy-deep-dive-1-taming-the-data-jungle-a	As data professionals, we know the frustration of navigating a chaotic data landscape.  Data silos, inconsistencies, and a lack of governance are common challenges.  These issues hinder our ability to extract meaningful insights, ultimately impacting decision-making and innovation.\r\n\r\nA Pragmatic Approach to Data Management\r\n\r\nOver my 30+ years in this field, I've found that a structured approach is essential for taming this complexity. Here's what I recommend:\r\n\r\nKnow Your Data:  Start with a comprehensive inventory of your data assets. Where is your data stored? Who owns it?  What is its quality?  This inventory is the foundation for any successful data strategy.\r\n\r\nEstablish Clear Rules:  A robust governance framework is non-negotiable. This includes data quality standards, access controls, and compliance requirements.  Without clear rules, data becomes unreliable and risky.\r\n\r\nBuild a Solid Foundation:  Your data architecture should support your business objectives.  Choose the right tools and technologies for data storage, processing, and analysis.  Scalability and accessibility are key.\r\n\r\nBreak Down Silos:  Data silos limit our understanding. Integrate data from various sources to gain a holistic view. This enables more comprehensive insights and better decision-making.\r\n\r\nEmpower Your Teams: Invest in data literacy training. When everyone understands how to use and interpret data, they become empowered to make data-driven decisions.\r\n\r\nThe CDO as a Change Agent\r\n\r\nThe Chief Data Officer (CDO) is vital for driving this transformation.  They champion the data strategy, ensuring alignment with business goals and promoting adoption across the organization.\r\n\r\nLooking Ahead\r\n\r\nTaming data complexity is not just a technical challenge; it's a strategic imperative. In my next post, we'll explore how to leverage this organized data for effective decision-making.	"As data professionals, we know the frustration of navigating a chaotic data landscape. Data silos, inconsistencies, and a lack of governance are common challenges. These issues hinder our ability to extract meaningful insights, ultimately impacting decision-making and innovation."	https://res.cloudinary.com/dkjqgwlob/image/upload/v1736738929/image_4_t3kkmc.jpg	PUBLISHED	t	Data Strategy Deep Dive 1: Taming Data Chaos - A Practical Guide	Learn how to navigate a complex data landscape and establish a robust data strategy. This practical guide provides expert insights for data architects and executives.	2024-11-17 18:30:07+00	2024-11-17 18:30:09.696685+00	2025-01-13 03:29:20.69181+00	1	1	2	0	
3	Data Chaos? 10 Reasons Why a Chief Data Officer Is Your Secret Weapon	data-chaos-10-reasons-why-a-chief-data-officer-is	Drowning in data? You're not alone.  In today's hyper-digital world, businesses are swimming in a sea of information. But without the right captain to steer the ship, that data can become more of a liability than an asset.  Enter the Chief Data Officer (CDO) – your secret weapon to conquer data chaos and unlock its true potential.\r\n\r\nWhat is a Chief Data Officer?\r\n\r\nA CDO is a senior executive responsible for an organization's data strategy, governance, and management. They ensure data is treated as a valuable asset, driving business value, innovation, and growth.\r\n\r\n10 Reasons Why You Need a CDO\r\n\r\nTame the Data Jungle: A CDO establishes order and structure, ensuring your data is accurate, consistent, and accessible.\r\n\r\nData-Driven Decisions: Say goodbye to gut feelings. A CDO empowers your business to make informed decisions based on solid data insights.\r\n\r\nUnlock Hidden Opportunities:  A CDO can identify new revenue streams, optimize operations, and uncover hidden patterns in your data.\r\n\r\nBoost Your Bottom Line:  By improving efficiency, reducing costs, and driving innovation, a CDO directly contributes to increased profitability.\r\n\r\nHappy Customers: A CDO helps you understand your customers better, leading to personalized experiences and increased satisfaction.\r\n\r\nStay Ahead of the Curve: A CDO keeps you informed about the latest data trends and technologies, ensuring your business remains competitive.\r\n\r\nFuture-Proof Your Business: A CDO helps you navigate the ever-evolving data landscape, preparing your organization for the challenges and opportunities ahead.\r\n\r\nBuild a Data-Driven Culture: A CDO fosters a data-literate workforce, empowering employees to make data-driven decisions at all levels.\r\n\r\nMitigate Risks: A CDO ensures data security, privacy, and compliance, protecting your business from costly breaches and legal issues.\r\n\r\nDrive Innovation: A CDO leads the charge in adopting new technologies and approaches, using data to fuel innovation and growth.\r\n\r\nThe Fractional CDO Solution\r\n\r\nHiring a full-time CDO might not be feasible for every business. That's where NNS comes in. Our fractional CDO services provide expert data leadership tailored to your needs and budget.	Drowning in data? You're not alone. In today's hyper-digital world, businesses are swimming in a sea of information. But without the right captain to steer the ship, that data can become more of a liability than an asset. Enter the Chief Data Officer (CDO) – your secret weapon to conquer data chaos and unlock its true potential.	https://res.cloudinary.com/dkjqgwlob/image/upload/v1736739122/image_5_ykc15r.jpg	PUBLISHED	t	10 Reasons Why You Need a Chief Data Officer (CDO)	Is your data a mess? Learn why a Chief Data Officer (CDO) is crucial in today's data-driven world. Discover 10 ways a CDO can boost your business, from data strategy to innovation.	2024-11-17 17:33:13+00	2024-11-17 17:33:32.048639+00	2025-01-13 03:34:22.492566+00	1	1	0	5	
\.


--
-- Data for Name: content_blogpost_tags; Type: TABLE DATA; Schema: public; Owner: postgres
--

COPY public.content_blogpost_tags (id, blogpost_id, tag_id) FROM stdin;
\.


--
-- Data for Name: content_campaign; Type: TABLE DATA; Schema: public; Owner: postgres
--

COPY public.content_campaign (id, name, slug, description, status, start_date, end_date, created_at, updated_at, created_by_id) FROM stdin;
1	AI Readiness Campaign	ai-readiness-campaign	Campaign for AI Readiness Assessment and Guide	ACTIVE	2024-12-04 23:32:43+00	\N	2024-12-04 23:32:52.980454+00	2024-12-04 23:32:52.980469+00	1
\.


--
-- Data for Name: content_casestudy; Type: TABLE DATA; Schema: public; Owner: postgres
--

COPY public.content_casestudy (id, title, slug, industry, client_name, challenge, solution, results, implementation_timeline, testimonial, featured_image, status, is_featured, seo_title, seo_description, seo_keywords, published_at, created_at, updated_at, view_count, excerpt, category_id) FROM stdin;
3	AI Predictive Maintenance Implementation for Manufacturing	ai-predictive-maintenance-implementation-for-manuf	Manufacturing	Global Auto Parts Inc.	Challenge: Client needed to reduce equipment downtime and maintenance costs across 12 manufacturing plants. Traditional scheduled maintenance was leading to unnecessary repairs and missed failure points.	Solution: Implemented an AI-powered predictive maintenance system using existing sensor data and historical maintenance records. Developed custom machine learning models to predict equipment failures up to 2 weeks in advance.	{"roi": "312% ROI within first year", "efficiency": "85% accuracy in failure prediction", "cost_savings": "$2.1M annual maintenance cost savings", "downtime_reduction": "47% reduction in unplanned downtime"}	Four-phase implementation over 6 months: initial data collection and analysis (6 weeks), model development and training (8 weeks), pilot program in two plants (8 weeks), full rollout across all facilities (6 weeks).	"The predictive maintenance system has transformed our operations. We've moved from reactive to proactive maintenance, resulting in significant cost savings and improved productivity." - Sarah Chen, VP of Operations		PUBLISHED	f				2024-12-10 18:42:22+00	2024-12-10 18:42:24.682351+00	2024-12-12 02:30:11.3084+00	4	Learn how AI-powered predictive maintenance helped a global auto parts manufacturer reduce downtime by 47% and save $2.1M annually in maintenance costs.	3
1	Global Manufacturing Corp: Data Strategy Transformation	global-manufacturing-corp-data-strategy-transforma	Manufacturing	Global Manufacturing Corp	Global Manufacturing Corp, a mid-sized manufacturer with $200M in annual revenue, struggled with fragmented data systems and manual reporting processes. Key challenges included:\r\n\r\n20+ hours per week spent manually compiling reports\r\n72-hour average delay in accessing critical production metrics\r\n15% error rate in inventory forecasting\r\nSiloed data across 5 departments\r\nLimited visibility into real-time operations	Neural Nexus Strategies implemented a comprehensive data strategy focused on three key areas:\r\n\r\nData Infrastructure Modernization\r\n\r\n\r\nConsolidated 7 disparate data sources into a unified data lake\r\nImplemented automated ETL processes\r\nEstablished real-time data pipelines for critical metrics\r\n\r\n\r\nAnalytics Capability Development\r\n\r\n\r\nCreated automated dashboards for key metrics\r\nImplemented predictive analytics for inventory management\r\nDeveloped self-service reporting capabilities\r\n\r\n\r\nOrganizational Transformation\r\n\r\n\r\nEstablished data governance framework\r\nCreated data literacy training program\r\nImplemented KPI monitoring system	{"client_info": {"company": "Global Manufacturing Corp", "contact": {"name": "Sarah Chen", "title": "COO"}, "revenue": "200M", "industry": "Manufacturing"}, "project_metrics": {"duration_months": 12, "departments_impacted": 5, "data_sources_consolidated": 7}, "financial_impact": {"roi": {"timeframe": "first year", "percentage": 315}, "inventory_costs": {"type": "holding costs", "reduction": "15%"}, "operational_savings": {"amount": 1200000, "currency": "USD", "timeframe": "annual"}, "production_efficiency": {"improvement": "22%"}}, "operational_efficiency": {"data_access": {"after": "near real-time", "before": "72 hours", "details": "Decreased data access delays", "improvement": "99%"}, "report_compilation": {"after": "2 hours/week", "before": "20 hours/week", "details": "Reduced manual report compilation time", "improvement": "90%"}, "inventory_forecasting": {"after": "98%", "before": "85%", "details": "Improved forecast accuracy", "improvement": "13%"}}}	Month 1-2: Assessment and strategy development\r\nMonth 3-4: Infrastructure modernization\r\nMonth 5-6: Analytics implementation\r\nMonth 7-8: Training and capability building\r\nMonth 9-12: Optimization and scaling	"Neural Nexus Strategies transformed our approach to data. We've moved from reactive to proactive decision-making, seeing real impact on our bottom line. The ROI has far exceeded our expectations." - Sarah Chen, COO		PUBLISHED	t				2024-12-09 03:47:03+00	2024-12-10 03:51:15.32944+00	2024-12-12 02:30:23.329837+00	0	Global Manufacturing Corp achieved a 315% first-year ROI through strategic data transformation. By consolidating 7 data sources and implementing automated analytics, they reduced report compilation time by 90% and improved inventory forecast accuracy from 85% to 98%. The initiative delivered $1.2M in annual operational savings while creating a foundation for advanced AI/ML capabilities.	1
2	Metropolitan Healthcare Network: Data-Driven Patient Care Transformation	metropolitan-healthcare-network-data-driven-patien	Healthcare	Metropolitan Healthcare Network	Metropolitan Healthcare Network, a regional healthcare system with $350M in annual revenue and 5 facilities, faced significant challenges in coordinating patient care and optimizing operations:\r\n\r\n15+ minute average delay accessing complete patient histories\r\n82% claims processing accuracy causing revenue delays\r\nDisconnected systems across 8 departments\r\n45-minute average scheduling coordination time\r\nLimited visibility into resource utilization\r\nHigh readmission rates due to fragmented care coordination	Neural Nexus Strategies implemented a comprehensive healthcare data strategy focusing on three core areas:\r\n\r\nClinical Data Integration\r\n\r\n\r\nUnified 12 disparate healthcare systems\r\nImplemented real-time patient data access\r\nCreated centralized patient history dashboard\r\nEstablished predictive analytics for patient risk assessment\r\n\r\n\r\nOperational Excellence\r\n\r\n\r\nAutomated scheduling and resource allocation\r\nStreamlined claims processing workflow\r\nImplemented real-time capacity management\r\nDeveloped predictive staffing models\r\n\r\n\r\nPatient Engagement Enhancement\r\n\r\n\r\nCreated patient engagement tracking system\r\nImplemented automated follow-up protocols\r\nDeveloped treatment adherence monitoring\r\nEnhanced communication workflows	{"client_info": {"company": "Metropolitan Healthcare Network", "contact": {"name": "Dr. Michael Torres", "title": "Chief Medical Officer"}, "revenue": "350M", "industry": "Healthcare"}, "project_metrics": {"duration_months": 10, "facilities_covered": 5, "departments_impacted": 8, "data_sources_consolidated": 12}, "financial_impact": {"roi": {"timeframe": "first year", "percentage": 425}, "claims_efficiency": {"type": "processing time", "savings": "850000", "reduction": "40%"}, "operational_savings": {"amount": 2500000, "currency": "USD", "timeframe": "annual"}, "resource_utilization": {"details": "Better staff and equipment scheduling", "improvement": "35%"}}, "clinical_outcomes": {"readmission_rates": {"details": "Due to improved care coordination", "reduction": "28%"}, "treatment_adherence": {"details": "Better patient follow-up and engagement", "improvement": "38%"}, "patient_satisfaction": {"after": "4.8/5", "before": "3.2/5", "improvement": "45%"}}, "operational_efficiency": {"claims_processing": {"after": "98%", "before": "82%", "details": "Improved claims processing accuracy", "improvement": "75%"}, "appointment_scheduling": {"after": "5 minutes", "before": "45 minutes", "details": "Reduced scheduling coordination time", "improvement": "95%"}, "patient_records_access": {"after": "2 minutes", "before": "15 minutes", "details": "Reduced time to access complete patient history", "improvement": "85%"}}}	Month 1-2: Assessment and strategy development\r\nMonth 3-4: Clinical data integration\r\nMonth 5-6: Operational systems implementation\r\nMonth 7-8: Patient engagement enhancement\r\nMonth 9-10: Optimization and scaling	"Neural Nexus Strategies transformed our ability to deliver coordinated, high-quality patient care. The improvements in efficiency and patient outcomes have exceeded our expectations, while the financial returns have been remarkable." - Dr. Michael Torres, Chief Medical Officer		PUBLISHED	f				2024-12-10 18:27:33+00	2024-12-10 18:27:35.855239+00	2024-12-12 02:30:02.460809+00	8	Metropolitan Healthcare Network revolutionized patient care across 5 facilities through strategic data integration. By unifying 12 healthcare systems, they reduced readmission rates by 28% and improved patient satisfaction from 3.2 to 4.8/5. The initiative delivered $2.5M in annual savings with 425% first-year ROI while significantly enhancing care coordination and treatment adherence.	1
\.


--
-- Data for Name: content_casestudycategory; Type: TABLE DATA; Schema: public; Owner: postgres
--

COPY public.content_casestudycategory (id, name, slug, description, is_active, created_at, updated_at) FROM stdin;
1	DataStrategy	datastrategy		t	2024-12-12 02:28:56.566263+00	2024-12-12 02:28:56.566294+00
2	Fractional CDO Services	fractional-cdo-services		t	2024-12-12 02:29:08.515674+00	2024-12-12 02:29:08.515689+00
3	AI Readiness Consulting	ai-readiness-consulting		t	2024-12-12 02:29:38.654068+00	2024-12-12 02:29:38.654083+00
\.


--
-- Data for Name: content_category; Type: TABLE DATA; Schema: public; Owner: postgres
--

COPY public.content_category (id, name, slug, description) FROM stdin;
1	Data Strategy	data-strategy	Articles and resources about data strategy and leadership
2	AI Implementation	ai-implementation	Guides and insights on AI adoption and implementation
3	Digital Transformation	digital-transformation	Content about organizational digital transformation
\.


--
-- Data for Name: content_landingpage; Type: TABLE DATA; Schema: public; Owner: postgres
--

COPY public.content_landingpage (id, title, slug, content, meta_title, meta_description, is_active, created_at, updated_at, campaign_id, created_by_id) FROM stdin;
1	AI Readiness Assessment	ai-readiness-assessment	{"meta": {"title": "AI Readiness Assessment | Neural Nexus Strategies", "description": "Get your comprehensive AI readiness assessment and implementation roadmap. Download our free guide to successful AI adoption."}, "sections": [{"type": "hero", "content": {"cta": {"text": "Get Your Free Assessment", "action": "scroll-to-form"}, "image": "/media/ai-readiness-hero.jpg", "headline": "Assess Your AI Readiness", "subheadline": "Get a clear roadmap for successful AI implementation"}}, {"type": "value-props", "content": {"items": [{"icon": "chart-line", "title": "Expert Evaluation", "description": "Get insights from experienced AI strategists"}, {"icon": "clipboard-list", "title": "Clear Action Plan", "description": "Receive step-by-step implementation guidance"}, {"icon": "shield-check", "title": "Risk Mitigation", "description": "Identify and address potential challenges early"}]}}, {"type": "cta-download", "content": {"form": {"title": "Get Your Free Guide", "fields": [{"name": "firstName", "type": "text", "label": "First Name", "required": true}, {"name": "lastName", "type": "text", "label": "Last Name", "required": true}, {"name": "email", "type": "email", "label": "Work Email", "required": true}, {"name": "company", "type": "text", "label": "Company Name", "required": true}], "submitText": "Download Now"}, "image": "/media/whitepaper-preview.jpg", "headline": "Download Our AI Readiness Guide", "description": "Learn the 5 critical steps to successful AI implementation"}}]}	AI Readiness Assessment | Neural Nexus Strategies	Get your comprehensive AI readiness assessment and implementation roadmap. Download our free guide to successful AI adoption.	t	2024-12-04 23:34:14.509244+00	2024-12-05 01:50:54.720081+00	1	1
\.


--
-- Data for Name: content_leadmagnet; Type: TABLE DATA; Schema: public; Owner: postgres
--

COPY public.content_leadmagnet (id, title, slug, description, value_proposition, is_active, conversion_rate, created_at, updated_at, resource_id) FROM stdin;
1	Free Data Maturity Assessment	free-data-maturity-assessment	Evaluate your organization's data maturity level	Get a clear picture of your current data capabilities	t	0.00	2024-11-16 17:35:37.291119+00	2024-11-16 17:35:37.29114+00	1
\.


--
-- Data for Name: content_resource; Type: TABLE DATA; Schema: public; Owner: postgres
--

COPY public.content_resource (id, title, slug, description, resource_type, file_url, thumbnail_url, is_gated, download_count, created_at, updated_at, lead_magnet_conversion_rate, seo_keywords) FROM stdin;
1	Data Strategy Toolkit	data-strategy-toolkit	Title: Data Strategy Toolkit\r\nSlug: data-strategy-toolkit\r\nType: TOOLKIT\r\nIs Gated: True\r\nFile URL: https://example.com/resources/data-strategy-toolkit.pdf\r\n\r\nTitle: AI Implementation Checklist\r\nSlug: ai-implementation-checklist\r\nType: TEMPLATE\r\nIs Gated: False\r\nFile URL: https://example.com/resources/ai-checklist.pdf	TOOLKIT	https://example.com/resources/data-strategy-toolkit.pdf		t	0	2024-11-16 17:33:27.841518+00	2024-11-16 17:33:27.841569+00	0.00	
2	AI Implementation Checklist	ai-implementation-checklist	Title: AI Implementation Checklist\r\nSlug: ai-implementation-checklist\r\nType: TEMPLATE\r\nIs Gated: False\r\nFile URL: https://example.com/resources/ai-checklist.pdf	TEMPLATE	https://example.com/resources/ai-checklist.pdf		f	0	2024-11-16 17:33:58.697033+00	2024-11-16 17:33:58.697047+00	0.00	
\.


--
-- Data for Name: content_resource_tags; Type: TABLE DATA; Schema: public; Owner: postgres
--

COPY public.content_resource_tags (id, resource_id, tag_id) FROM stdin;
\.


--
-- Data for Name: content_resourcedownload; Type: TABLE DATA; Schema: public; Owner: postgres
--

COPY public.content_resourcedownload (id, email, first_name, company, downloaded_at, source_url, resource_id, subscriber_id) FROM stdin;
\.


--
-- Data for Name: content_tag; Type: TABLE DATA; Schema: public; Owner: postgres
--

COPY public.content_tag (id, name, slug) FROM stdin;
\.


--
-- Data for Name: content_variant; Type: TABLE DATA; Schema: public; Owner: postgres
--

COPY public.content_variant (id, name, content, traffic_percentage, created_at, updated_at, ab_test_id) FROM stdin;
\.


--
-- Data for Name: content_variantvisit; Type: TABLE DATA; Schema: public; Owner: postgres
--

COPY public.content_variantvisit (id, session_id, "timestamp", converted, conversion_timestamp, variant_id) FROM stdin;
\.


--
-- Data for Name: django_admin_log; Type: TABLE DATA; Schema: public; Owner: postgres
--

COPY public.django_admin_log (id, action_time, object_id, object_repr, action_flag, change_message, content_type_id, user_id) FROM stdin;
1	2024-11-15 18:13:06.675593+00	1	Fractional CDO Services	1	[{"added": {}}]	11	1
2	2024-11-15 18:15:43.588868+00	1	Enterprise Data Leadership Package - Enterprise Package	1	[{"added": {}}, {"added": {"name": "service feature", "object": "Enterprise Data Leadership Package - Weekly Strategy Sessions"}}]	10	1
3	2024-11-15 18:44:42.655745+00	1	Enterprise Data Leadership Package - Enterprise Package	2	[{"added": {"name": "service feature", "object": "Enterprise Data Leadership Package - Board Meeting Support"}}, {"changed": {"name": "service feature", "object": "Enterprise Data Leadership Package - Weekly Strategy Sessions", "fields": ["Order"]}}, {"added": {"name": "service deliverable", "object": "Enterprise Data Leadership Package - Monthly Strategy Report"}}, {"added": {"name": "service deliverable", "object": "Enterprise Data Leadership Package - Executive Dashboard"}}]	10	1
4	2024-11-15 21:56:50.165647+00	2	Data Strategy Consulting	1	[{"added": {}}]	11	1
5	2024-11-15 22:02:16.827375+00	2	Quick Start Assessment - Essentials Package	1	[{"added": {}}, {"added": {"name": "service feature", "object": "Quick Start Assessment - Data Maturity Assessment"}}, {"added": {"name": "service feature", "object": "Quick Start Assessment - Gap Analysis"}}, {"added": {"name": "service deliverable", "object": "Quick Start Assessment - Maturity Assessment Report"}}, {"added": {"name": "service deliverable", "object": "Quick Start Assessment - Action Plan"}}]	10	1
6	2024-11-15 22:06:40.585353+00	3	Strategic Roadmap - Enterprise Package	1	[{"added": {}}, {"added": {"name": "service feature", "object": "Strategic Roadmap - Detailed Current State Analysis"}}, {"added": {"name": "service feature", "object": "Strategic Roadmap - Future State Design"}}, {"added": {"name": "service deliverable", "object": "Strategic Roadmap - Implementation Roadmap"}}, {"added": {"name": "service deliverable", "object": "Strategic Roadmap - ROI Analysis"}}]	10	1
7	2024-11-15 22:19:56.858434+00	3	AI Readiness Consulting	1	[{"added": {}}]	11	1
8	2024-11-15 22:25:28.488572+00	4	AI Readiness Assessment - Essentials Package	1	[{"added": {}}, {"added": {"name": "service feature", "object": "AI Readiness Assessment - AI Capability Assessment"}}, {"added": {"name": "service feature", "object": "AI Readiness Assessment - Use Case Identification"}}, {"added": {"name": "service deliverable", "object": "AI Readiness Assessment - AI Readiness Score & Report"}}, {"added": {"name": "service deliverable", "object": "AI Readiness Assessment - Action Plan"}}]	10	1
9	2024-11-15 22:31:28.114386+00	5	AI Implementation Planning - Professional Package	1	[{"added": {}}, {"added": {"name": "service feature", "object": "AI Implementation Planning - Detailed Use Case Analysis"}}, {"added": {"name": "service feature", "object": "AI Implementation Planning - Technical Requirements Planning"}}, {"added": {"name": "service deliverable", "object": "AI Implementation Planning - Implementation Roadmap"}}, {"added": {"name": "service deliverable", "object": "AI Implementation Planning - ROI Analysis"}}]	10	1
10	2024-11-15 22:35:16.003611+00	6	AI Full Launch Program - Enterprise Package	1	[{"added": {}}, {"added": {"name": "service feature", "object": "AI Full Launch Program - Vendor Selection Support"}}, {"added": {"name": "service feature", "object": "AI Full Launch Program - Change Management Program"}}, {"added": {"name": "service deliverable", "object": "AI Full Launch Program - Pilot Project Design"}}, {"added": {"name": "service deliverable", "object": "AI Full Launch Program - Team Training Program"}}, {"added": {"name": "service deliverable", "object": "AI Full Launch Program - Implementation Support"}}]	10	1
11	2024-11-16 17:28:32.822633+00	1	Data Strategy	1	[{"added": {}}]	14	1
12	2024-11-16 17:28:59.054707+00	2	AI Implementation	1	[{"added": {}}]	14	1
13	2024-11-16 17:29:25.000438+00	3	Digital Transformation	1	[{"added": {}}]	14	1
14	2024-11-16 17:31:16.10407+00	1	Getting Started with Data Strategy	1	[{"added": {}}]	15	1
15	2024-11-16 17:32:00.345858+00	2	AI Readiness Assessment Guide	1	[{"added": {}}]	15	1
16	2024-11-16 17:33:27.844154+00	1	Data Strategy Toolkit (Toolkit)	1	[{"added": {}}]	17	1
17	2024-11-16 17:33:58.698147+00	2	AI Implementation Checklist (Template)	1	[{"added": {}}]	17	1
18	2024-11-16 17:35:37.292635+00	1	Free Data Maturity Assessment	1	[{"added": {}}]	16	1
19	2024-11-16 23:45:56.88061+00	1	John Smith - TechCorp Inc.	1	[{"added": {}}]	18	1
20	2024-11-16 23:47:48.815639+00	2	Sarah Johnson - Healthcare Plus	1	[{"added": {}}]	18	1
21	2024-11-16 23:48:49.611335+00	1	John Smith - TechCorp Inc. - MEETING - 2024-11-16	1	[{"added": {}}]	21	1
22	2024-11-16 23:49:24.075809+00	2	Sarah Johnson - Healthcare Plus - DOWNLOAD - 2024-11-16	1	[{"added": {}}]	21	1
23	2024-11-16 23:56:42.921343+00	1	ROI Calculation for John Smith - TechCorp Inc. - 2024-11-16	1	[{"added": {}}]	19	1
24	2024-11-17 17:33:32.051834+00	3	Data Chaos? 10 Reasons Why a Chief Data Officer Is Your Secret Weapon	1	[{"added": {}}]	15	1
25	2024-11-17 18:25:59.024609+00	4	Unlocking Your Data's Potential: Why Your Organization Needs a Data Strategy	1	[{"added": {}}]	15	1
26	2024-11-17 18:30:09.698701+00	5	Data Strategy Deep Dive 1: Taming the Data Jungle -  A Practical Guide	1	[{"added": {}}]	15	1
27	2024-11-17 18:30:35.237723+00	5	Data Strategy Deep Dive 1: Taming the Data Jungle -  A Practical Guide	2	[{"changed": {"fields": ["Status", "Is featured"]}}]	15	1
28	2024-11-17 22:06:54.727225+00	5	Data Strategy Deep Dive 1: Taming the Data Jungle -  A Practical Guide	2	[]	15	1
29	2024-11-27 02:58:29.445069+00	6	Data Leadership Trends	1	[{"added": {}}]	15	1
30	2024-11-30 17:32:45.392071+00	4	Testy Testerman - TechCorp Inc.  - FORM - 2024-11-30	2	[{"changed": {"fields": ["Created by"]}}]	21	1
31	2024-11-30 17:33:32.664742+00	5	Testy Testerman - TechCorp Inc.  - EMAIL - 2024-11-30	1	[{"added": {}}]	21	1
32	2024-12-04 23:32:52.983278+00	1	AI Readiness Campaign	1	[{"added": {}}]	27	1
33	2024-12-04 23:34:14.512777+00	1	AI Readiness Assessment	1	[{"added": {}}]	30	1
34	2024-12-05 01:50:54.722719+00	1	AI Readiness Assessment	2	[]	30	2
35	2024-12-09 21:43:39.575515+00	1	Bob Testerson - Company, Inc. - ENGAGEMENT Score: 5	1	[{"added": {}}]	20	2
36	2024-12-10 03:51:15.333096+00	1	Global Manufacturing Corp: Data Strategy Transformation	1	[{"added": {}}]	34	1
37	2024-12-10 18:27:35.857127+00	2	Metropolitan Healthcare Network: Data-Driven Patient Care Transformation	1	[{"added": {}}]	34	2
38	2024-12-10 18:42:24.684197+00	3	AI Predictive Maintenance Implementation for Manufacturing	1	[{"added": {}}]	34	2
39	2024-12-10 18:44:01.5875+00	2	Metropolitan Healthcare Network: Data-Driven Patient Care Transformation	2	[{"changed": {"fields": ["Excerpt"]}}]	34	2
40	2024-12-10 18:44:18.017181+00	1	Global Manufacturing Corp: Data Strategy Transformation	2	[{"changed": {"fields": ["Excerpt"]}}]	34	2
41	2024-12-12 02:28:56.568734+00	1	DataStrategy	1	[{"added": {}}]	35	2
42	2024-12-12 02:29:08.516184+00	2	Fractional CDO Services	1	[{"added": {}}]	35	2
43	2024-12-12 02:29:38.654567+00	3	AI Readiness Consulting	1	[{"added": {}}]	35	2
44	2024-12-12 02:30:02.463529+00	2	Metropolitan Healthcare Network: Data-Driven Patient Care Transformation	2	[{"changed": {"fields": ["Category"]}}]	34	2
45	2024-12-12 02:30:11.309512+00	3	AI Predictive Maintenance Implementation for Manufacturing	2	[{"changed": {"fields": ["Category"]}}]	34	2
46	2024-12-12 02:30:23.331571+00	1	Global Manufacturing Corp: Data Strategy Transformation	2	[{"changed": {"fields": ["Category"]}}]	34	2
47	2025-01-07 20:07:50.294616+00	3	jayswartz	1	[{"added": {}}]	4	2
48	2025-01-07 20:09:58.785016+00	3	jayswartz	2	[{"changed": {"fields": ["Staff status", "Superuser status"]}}]	4	2
49	2025-01-07 20:34:07.099886+00	3	jayswartz	3		4	2
50	2025-01-07 20:35:35.87822+00	4	jayswartz	1	[{"added": {}}]	4	2
51	2025-01-07 20:36:57.446832+00	4	jayswartz	2	[{"changed": {"fields": ["Staff status", "Superuser status"]}}]	4	2
52	2025-01-08 21:50:17.425052+00	6	AI Full Launch Program - Enterprise Package	2	[{"changed": {"fields": ["Duration"]}}]	10	2
53	2025-01-08 21:59:46.3353+00	6	AI Full Launch Program - Enterprise Package	2	[{"changed": {"fields": ["Description"]}}]	10	2
54	2025-01-11 20:22:45.527976+00	4	Business Process Optimization	1	[{"added": {}}]	11	4
55	2025-01-11 20:55:18.094975+00	7	Process Optimization Opportunities - Essentials Package	1	[{"added": {}}, {"added": {"name": "service feature", "object": "Process Optimization Opportunities - Process Overview Workshop"}}, {"added": {"name": "service feature", "object": "Process Optimization Opportunities - BPO Opportunity Analysis"}}, {"added": {"name": "service deliverable", "object": "Process Optimization Opportunities - BPO Opportunity Analysis Report"}}]	10	4
56	2025-01-11 20:56:51.328437+00	7	Process Optimization Opportunities - Essentials Package	2	[{"changed": {"name": "service feature", "object": "Process Optimization Opportunities - Process Overview Workshop", "fields": ["Description"]}}]	10	4
57	2025-01-13 03:09:52.448652+00	1	Getting Started with Data Strategy	2	[{"changed": {"fields": ["Content", "Excerpt", "Featured image", "Seo title", "Seo description", "Seo keywords", "Estimated read time"]}}]	15	2
58	2025-01-13 03:20:48.116076+00	2	AI Readiness Assessment Guide	2	[{"changed": {"fields": ["Content", "Excerpt", "Featured image", "Seo title", "Seo description", "Seo keywords", "Estimated read time"]}}]	15	2
59	2025-01-13 03:27:18.60394+00	6	Data Leadership Trends	2	[{"changed": {"fields": ["Content", "Featured image"]}}]	15	2
60	2025-01-13 03:29:20.735517+00	5	Data Strategy Deep Dive 1: Taming the Data Jungle -  A Practical Guide	2	[{"changed": {"fields": ["Featured image"]}}]	15	2
61	2025-01-13 03:32:32.89565+00	3	Data Chaos? 10 Reasons Why a Chief Data Officer Is Your Secret Weapon	2	[{"changed": {"fields": ["Featured image", "Estimated read time"]}}]	15	2
62	2025-01-13 03:34:22.53709+00	3	Data Chaos? 10 Reasons Why a Chief Data Officer Is Your Secret Weapon	2	[{"changed": {"fields": ["Status"]}}]	15	2
\.


--
-- Data for Name: django_content_type; Type: TABLE DATA; Schema: public; Owner: postgres
--

COPY public.django_content_type (id, app_label, model) FROM stdin;
1	admin	logentry
2	auth	permission
3	auth	group
4	auth	user
5	contenttypes	contenttype
6	sessions	session
7	accounts	userprofile
8	accounts	user
9	services	servicefeature
10	services	service
11	services	servicecategory
12	services	servicedeliverable
13	content	newslettersubscriber
14	content	category
15	content	blogpost
16	content	leadmagnet
17	content	resource
18	leads	contact
19	leads	roicalculation
20	leads	leadscore
21	leads	interaction
22	content	tag
23	content	bloganalytics
24	content	resourcedownload
25	leads	newslettersubscription
26	content	abtest
27	content	campaign
28	content	variantvisit
29	content	variant
30	content	landingpage
31	leads	identity
32	leads	identityemail
33	leads	identitydevice
34	content	casestudy
35	content	casestudycategory
\.


--
-- Data for Name: django_migrations; Type: TABLE DATA; Schema: public; Owner: postgres
--

COPY public.django_migrations (id, app, name, applied) FROM stdin;
1	contenttypes	0001_initial	2024-11-14 18:21:11.441334+00
2	auth	0001_initial	2024-11-14 18:21:11.459639+00
3	admin	0001_initial	2024-11-14 18:21:11.465601+00
4	admin	0002_logentry_remove_auto_add	2024-11-14 18:21:11.467821+00
5	admin	0003_logentry_add_action_flag_choices	2024-11-14 18:21:11.470063+00
6	contenttypes	0002_remove_content_type_name	2024-11-14 18:21:11.475501+00
7	auth	0002_alter_permission_name_max_length	2024-11-14 18:21:11.477661+00
8	auth	0003_alter_user_email_max_length	2024-11-14 18:21:11.479936+00
9	auth	0004_alter_user_username_opts	2024-11-14 18:21:11.481677+00
10	auth	0005_alter_user_last_login_null	2024-11-14 18:21:11.483647+00
11	auth	0006_require_contenttypes_0002	2024-11-14 18:21:11.483881+00
12	auth	0007_alter_validators_add_error_messages	2024-11-14 18:21:11.485673+00
13	auth	0008_alter_user_username_max_length	2024-11-14 18:21:11.488379+00
14	auth	0009_alter_user_last_name_max_length	2024-11-14 18:21:11.490242+00
15	auth	0010_alter_group_name_max_length	2024-11-14 18:21:11.492365+00
16	auth	0011_update_proxy_permissions	2024-11-14 18:21:11.494738+00
17	auth	0012_alter_user_first_name_max_length	2024-11-14 18:21:11.497157+00
18	sessions	0001_initial	2024-11-14 18:21:11.49969+00
19	accounts	0001_initial	2024-11-14 18:48:51.274989+00
20	services	0001_initial	2024-11-15 18:08:16.200042+00
21	content	0001_initial	2024-11-16 16:42:35.606302+00
22	content	0002_blogpost_view_count	2024-11-16 18:11:00.902295+00
23	leads	0001_initial	2024-11-16 23:19:47.791266+00
24	leads	0002_remove_roicalculation_annual_savings_and_more	2024-11-17 00:21:55.440358+00
25	content	0003_tag_blogpost_estimated_read_time_and_more	2024-11-23 17:27:50.603852+00
26	leads	0003_newslettersubscription	2024-12-01 02:25:43.972105+00
27	content	0004_alter_resourcedownload_subscriber_and_more	2024-12-01 15:04:04.297698+00
28	content	0005_campaign_landingpage_abtest_variant_variantvisit	2024-12-04 23:09:51.118269+00
29	leads	0004_identity	2024-12-08 16:44:47.218027+00
30	leads	0005_identityemail	2024-12-08 17:59:58.665714+00
31	leads	0006_identitydevice	2024-12-08 21:54:15.881087+00
32	leads	0007_identity_is_active	2024-12-08 22:42:19.893986+00
33	leads	0008_contact_identity	2024-12-08 23:20:49.56962+00
34	content	0006_casestudy	2024-12-10 03:31:33.932881+00
35	content	0007_casestudy_excerpt	2024-12-10 18:22:58.952381+00
36	content	0008_add_case_study_category	2024-12-12 02:08:31.165933+00
37	content	0009_populate_case_study_categories	2024-12-12 02:08:31.166726+00
\.


--
-- Data for Name: django_session; Type: TABLE DATA; Schema: public; Owner: postgres
--

COPY public.django_session (session_key, session_data, expire_date) FROM stdin;
syj7ptlx9bg748d1dy11am1ecdqm70ke	.eJxVjMsOwiAQAP-FsyFAWR4evfsNZFlWqRqalPZk_HdD0oNeZybzFgn3raa985rmIs5Ci9Mvy0hPbkOUB7b7Imlp2zpnORJ52C6vS-HX5Wj_BhV7HVtP2qvgos8mM1I2iBOx1RSDDwrYMESLABQBjCPyjlxQU472Zos14vMF2-Q3fA:1tC0lj:YvkvAgrfDgBDBFFrhHTAVOc10GNAQSBclUZ36PcneVE	2024-11-29 18:10:07.76337+00
s6ehcsf37o17nt04lp5rugo49qtv4ve3	.eJxVjMsOwiAQAP-FsyFAWR4evfsNZFlWqRqalPZk_HdD0oNeZybzFgn3raa985rmIs5Ci9Mvy0hPbkOUB7b7Imlp2zpnORJ52C6vS-HX5Wj_BhV7HVtP2qvgos8mM1I2iBOx1RSDDwrYMESLABQBjCPyjlxQU472Zos14vMF2-Q3fA:1tC4Ge:rtasEmXzUXe-tMREIkqXl5C6-in6cAfc8FN580fPkk8	2024-11-29 21:54:16.818702+00
2r6unb5pr8ygt42nrkghvyrd1im6flec	.eJxVjMsOwiAQAP-FsyFAWR4evfsNZFlWqRqalPZk_HdD0oNeZybzFgn3raa985rmIs5Ci9Mvy0hPbkOUB7b7Imlp2zpnORJ52C6vS-HX5Wj_BhV7HVtP2qvgos8mM1I2iBOx1RSDDwrYMESLABQBjCPyjlxQU472Zos14vMF2-Q3fA:1tHPts:mYmC8P1FYCO-TUD6goim3r4ffiz3xmFuKMQwqR7U9ZA	2024-12-14 16:00:52.272164+00
9q4zu8pml7j89bc58sqlfzqb6t8f3qo9	.eJxVjE0OwiAYBe_C2pACDbQu3XsG8v1K1dCktCvj3bVJF7p9M_NeJsO2lrw1WfLE5my8Of1uCPSQugO-Q73Nlua6LhPaXbEHbfY6szwvh_t3UKCVbw2evEDgQJQo6IiRXUjRdQ6lx0heO6E4CHv1GhUVnHDiNA5BQo9k3h8R8TlK:1tIz4N:dkWbl1ZWbHleCWLRS60rF9wKAsT0rSDRLqqwUICQstM	2024-12-18 23:46:11.876708+00
2925ooqikqq20lpaatdbomksq7mb6ns2	.eJxVjE0OwiAYBe_C2pACDbQu3XsG8v1K1dCktCvj3bVJF7p9M_NeJsO2lrw1WfLE5my8Of1uCPSQugO-Q73Nlua6LhPaXbEHbfY6szwvh_t3UKCVbw2evEDgQJQo6IiRXUjRdQ6lx0heO6E4CHv1GhUVnHDiNA5BQo9k3h8R8TlK:1tQDR4:LTHX8U1BvsMUYOGHwbKHqnS-Ff7tzSoTzT2x0_T3PGk	2025-01-07 22:31:30.121103+00
45xtojhqrbiuiei0wdsk0k6g9kyomlzb	.eJxVjDsOwjAQBe_iGln-O1DS5wzWrneNA8iR4qRC3B0ipYD2zcx7iQTbWtPWeUkTiYsw4vS7IeQHtx3QHdptlnlu6zKh3BV50C7Hmfh5Pdy_gwq9fmuLg2I8R0DOHK31kRX4UFgrQ-i1p6AplxA5hxw9xEIYyBXjYNBgnXh_AATIOL0:1tT7No:zOeI7GCsLHrwbeWXFNpLes3JIX45zUENtW0EICFBvx4	2025-01-15 22:40:08.584648+00
gf0erse87wblcssrtf9wt5klgjricwer	.eJxVjMEOwiAQRP-FsyGlgAsevfsNZBcWqRpISnsy_rtt0oPeJvPezFsEXJcS1s5zmJK4iFGcfjvC-OS6g_TAem8ytrrME8ldkQft8tYSv66H-3dQsJdtHRO7CCqdvTE-A-QtsY6QwWdCUFrh4Cxpi3EkB85kYms9Kw1Mg1fi8wX5njgn:1tTYpM:K6ACWqTMRUKuGFCkHmEEpji-7MVKSue1aRFp6ccPIdw	2025-01-17 03:58:24.371291+00
kmeacf4bsvrnl1x57hzw04dhpklo3fzz	.eJxVjMEOwiAQRP-FsyGlgAsevfsNZBcWqRpISnsy_rtt0oPeJvPezFsEXJcS1s5zmJK4iFGcfjvC-OS6g_TAem8ytrrME8ldkQft8tYSv66H-3dQsJdtHRO7CCqdvTE-A-QtsY6QwWdCUFrh4Cxpi3EkB85kYms9Kw1Mg1fi8wX5njgn:1tUrCu:d8MYwcanJRFWuaUP9d_uzZP8t4nDCZaLsptxIDH56tM	2025-01-20 17:48:04.355923+00
xuzm891ii2ia1j9ulwta4ti24tqh1s0o	.eJxVjDsOwjAQBe_iGll27PhDSZ8zRLveDQ4gW4qTCnF3EikFtDPz3luMsK153Bov40ziKqy4_DKE9ORyCHpAuVeZalmXGeWRyNM2OVTi1-1s_w4ytLyvARxHsqAVdzZMEyoI5HRvvfYp9jztuCPlUGnE6A0YMsEHF5RBiMzi8wXxTzgD:1tVGK1:UynKRHTAcIscBi4oVkRa3HmeFVEuhvTeU6wrp-DKGIU	2025-01-21 20:37:05.381166+00
04dcxc09dbtw4qor3c7f97yginjjlj2z	.eJxVjDsOwjAQBe_iGll27PhDSZ8zRLveDQ4gW4qTCnF3EikFtDPz3luMsK153Bov40ziKqy4_DKE9ORyCHpAuVeZalmXGeWRyNM2OVTi1-1s_w4ytLyvARxHsqAVdzZMEyoI5HRvvfYp9jztuCPlUGnE6A0YMsEHF5RBiMzi8wXxTzgD:1tVGKg:-5Pj_U9fnnPjFrUb6RoEfD0X2k7reMiElD5kYaOkdzI	2025-01-21 20:37:46.761271+00
\.


--
-- Data for Name: leads_contact; Type: TABLE DATA; Schema: public; Owner: postgres
--

COPY public.leads_contact (id, first_name, last_name, email, company, job_title, phone, source, status, score, company_size, industry, annual_revenue, is_active, created_at, updated_at, last_contacted, assigned_to_id, identity_id) FROM stdin;
1	John	Smith	john.smith@techcorp.com	TechCorp Inc.	CTO		WEBSITE	QUALIFIED	0	500-1000	Tech	5000000.00	t	2024-11-16 23:45:56.878216+00	2024-11-16 23:45:56.878234+00	\N	\N	aba27ba5-36be-465a-892e-4cb27ee7e1a4
2	Sarah	Johnson	sarah.johnson@healthcare.com	Healthcare Plus	Director of Data		REFERRAL	NEW	0	1000+	Healthcare	10000000.00	t	2024-11-16 23:47:48.814865+00	2024-11-16 23:47:48.814882+00	\N	\N	cbba1190-5ae8-400b-90f9-ade26b9c9080
3	Test	User	test@example.com	Test Corp			WEBSITE	NEW	0			\N	t	2024-11-17 03:01:39.708608+00	2024-11-17 03:01:39.708969+00	\N	\N	96ab079e-8503-42b3-a33f-cba3a50c614c
4			f.last@company.com	Company, Inc.			WEBSITE	NEW	0			\N	t	2024-11-30 16:37:16.428806+00	2024-11-30 16:37:16.428848+00	\N	\N	77fc887e-3b69-46fc-ac4a-9b95bf2f8dfe
5	Testy	Testerman	Whitney.walters@gmail.com	TechCorp Inc. 		3032422216	WEBSITE	NEW	0			\N	t	2024-11-30 17:20:59.710616+00	2024-11-30 17:20:59.710654+00	\N	\N	8293e09e-4a8d-4659-b107-e87d362c546f
6	Test 	Account	ta@email.com	Company, Inc.		303-123-555	WEBSITE	NEW	0			\N	t	2024-12-09 20:16:24.42603+00	2024-12-09 20:16:24.426077+00	\N	\N	\N
7	Bob	Testerson	b.testerson@company.com	Company, Inc.		303-555-1234	WEBSITE	NEW	0			\N	t	2024-12-09 21:24:45.9598+00	2024-12-09 21:24:45.959817+00	\N	\N	f9032346-f511-44d0-9b51-930fca802441
8	Charlie	Clayton	charlie.clayton66@gmail.com			4164594525	WEBSITE	NEW	0			\N	t	2025-01-07 23:11:13.650424+00	2025-01-07 23:11:13.650454+00	\N	\N	22c1236d-33d9-4dd4-8846-69ecb6076ef4
\.


--
-- Data for Name: leads_identity; Type: TABLE DATA; Schema: public; Owner: postgres
--

COPY public.leads_identity (id, primary_email, anonymous_id, current_session_id, is_anonymous, is_verified, first_seen_at, last_seen_at, source_of_first_identification, last_ip_address, last_user_agent, marketing_consent, analytics_consent, consent_updated_at, merged_with_id, is_active) FROM stdin;
96ab079e-8503-42b3-a33f-cba3a50c614c	test@example.com	\N	\N	t	f	2024-12-08 21:59:21.321676+00	2024-12-08 21:59:21.321691+00	\N	\N		t	t	2024-12-08 21:59:21.267833+00	\N	t
7403033e-bbb5-4fd1-a4be-17c8d2f2be9d	test2@example.com	\N	\N	f	f	2024-12-08 22:07:40.707921+00	2024-12-08 22:07:40.707935+00	\N	\N		t	t	2024-12-08 22:07:40.70744+00	\N	t
6f5e6c95-5149-4f52-a082-7e036165d8ea	primary@example.com	\N	\N	f	f	2024-12-08 22:39:00.585855+00	2024-12-08 22:39:00.585861+00	\N	\N		t	t	2024-12-08 22:39:00.585404+00	\N	t
c1e696b1-b6cd-42bf-b398-f6d8202a2141	secondary@example.com	\N	\N	f	f	2024-12-08 22:39:00.590523+00	2024-12-08 22:39:00.590525+00	\N	\N		t	t	2024-12-08 22:39:00.590486+00	\N	t
e7967055-d1c1-4d36-a17a-0fd2df720089	primary_test3@example.com	\N	\N	f	f	2024-12-08 22:49:28.34778+00	2024-12-08 22:49:28.347794+00	\N	\N		t	t	2024-12-08 22:49:28.347565+00	\N	t
e3e85be4-7e2e-4d15-9afd-581aef82ea40	secondary_test3@example.com	\N	\N	f	f	2024-12-08 22:49:28.358846+00	2024-12-08 22:49:28.35885+00	\N	\N		t	t	2024-12-08 22:49:28.358765+00	\N	t
43d38aa5-b853-4826-be61-6974695c3c21	test4_secondary@example.com	\N	\N	f	f	2024-12-08 23:02:46.398732+00	2024-12-08 23:02:46.398735+00	\N	\N		t	t	2024-12-08 23:02:46.398687+00	eaf1cd31-fed0-4ec0-afc9-87b94e3e6c9b	f
eaf1cd31-fed0-4ec0-afc9-87b94e3e6c9b	test4_primary@example.com	\N	\N	f	f	2024-12-08 23:02:46.393653+00	2024-12-08 23:02:46.39366+00	\N	\N		t	t	2024-12-08 23:02:46.398687+00	\N	t
9ef51337-7ce1-4113-a6d3-d445151fc0bc	test5_primary@example.com	\N	\N	f	f	2024-12-08 23:06:55.789944+00	2024-12-08 23:06:55.78995+00	\N	\N		t	t	2024-12-08 23:06:55.789714+00	\N	t
76c466d4-5075-479f-a6ad-43de5a5fa5dc	test5_secondary@example.com	\N	\N	f	f	2024-12-08 23:06:55.824842+00	2024-12-08 23:06:55.824845+00	\N	\N		t	t	2024-12-08 23:06:55.824798+00	\N	t
6f056cb4-815b-4e4e-b1b3-a3e39dde2180	test6_secondary@example.com	\N	\N	f	f	2024-12-08 23:08:57.735985+00	2024-12-08 23:08:57.735988+00	\N	\N		t	t	2024-12-08 23:08:57.735947+00	202d6812-2d79-4a56-abe1-ba8a8c1b6541	f
202d6812-2d79-4a56-abe1-ba8a8c1b6541	test6_primary@example.com	\N	\N	f	f	2024-12-08 23:08:57.692442+00	2024-12-08 23:08:57.69245+00	\N	\N		t	t	2024-12-08 23:08:57.735947+00	\N	t
aba27ba5-36be-465a-892e-4cb27ee7e1a4	john.smith@techcorp.com	\N	\N	f	f	2024-12-08 23:30:04.667123+00	2024-12-08 23:30:04.667135+00	\N	\N		t	t	2024-12-08 23:30:04.666946+00	\N	t
cbba1190-5ae8-400b-90f9-ade26b9c9080	sarah.johnson@healthcare.com	\N	\N	f	f	2024-12-08 23:30:04.670405+00	2024-12-08 23:30:04.670413+00	\N	\N		t	t	2024-12-08 23:30:04.670295+00	\N	t
77fc887e-3b69-46fc-ac4a-9b95bf2f8dfe	f.last@company.com	\N	\N	f	f	2024-12-08 23:30:04.673528+00	2024-12-08 23:30:04.673535+00	\N	\N		t	t	2024-12-08 23:30:04.673431+00	\N	t
8293e09e-4a8d-4659-b107-e87d362c546f	Whitney.walters@gmail.com	\N	\N	f	f	2024-12-08 23:30:04.675113+00	2024-12-08 23:30:04.675119+00	\N	\N		t	t	2024-12-08 23:30:04.675028+00	\N	t
f9032346-f511-44d0-9b51-930fca802441	b.testerson@company.com	\N	\N	f	f	2024-12-09 21:24:45.956029+00	2024-12-09 21:24:45.956041+00	\N	\N		t	t	2024-12-09 21:24:45.95586+00	\N	t
22c1236d-33d9-4dd4-8846-69ecb6076ef4	charlie.clayton66@gmail.com	\N	\N	f	f	2025-01-07 23:11:13.604625+00	2025-01-07 23:11:13.604654+00	\N	\N		t	t	2025-01-07 23:11:13.604137+00	\N	t
\.


--
-- Data for Name: leads_identitydevice; Type: TABLE DATA; Schema: public; Owner: postgres
--

COPY public.leads_identitydevice (id, fingerprint, first_seen_at, last_seen_at, user_agent, is_active, identity_id) FROM stdin;
1	test-device-fingerprint-123	2024-12-08 21:59:22.867278+00	2024-12-08 21:59:22.867502+00	Mozilla/5.0 (Macintosh; Intel Mac OS X 10_15_7)	t	96ab079e-8503-42b3-a33f-cba3a50c614c
2	test-device-fingerprint-123	2024-12-08 22:07:40.717265+00	2024-12-08 22:07:40.71739+00	Mozilla/5.0 (Macintosh; Intel Mac OS X 10_15_7)	t	7403033e-bbb5-4fd1-a4be-17c8d2f2be9d
3	primary-device-123	2024-12-08 22:39:00.588986+00	2024-12-08 22:39:00.589036+00	Mozilla/5.0 Primary	t	6f5e6c95-5149-4f52-a082-7e036165d8ea
4	secondary-device-456	2024-12-08 22:39:00.619392+00	2024-12-08 22:39:00.619422+00	Mozilla/5.0 Secondary	t	c1e696b1-b6cd-42bf-b398-f6d8202a2141
9	primary-device-789	2024-12-08 22:49:28.354963+00	2024-12-08 22:49:28.355048+00	Mozilla/5.0 Primary Test	t	e7967055-d1c1-4d36-a17a-0fd2df720089
10	secondary-device-789	2024-12-08 22:49:30.526245+00	2024-12-08 22:49:30.526475+00	Mozilla/5.0 Secondary Test	t	e3e85be4-7e2e-4d15-9afd-581aef82ea40
11	test4-primary-device	2024-12-08 23:02:46.397143+00	2024-12-08 23:02:46.397201+00	Mozilla/5.0 Primary Test 4	t	eaf1cd31-fed0-4ec0-afc9-87b94e3e6c9b
12	test4-secondary-device	2024-12-08 23:02:46.435409+00	2024-12-08 23:02:46.435473+00	Mozilla/5.0 Secondary Test 4	t	eaf1cd31-fed0-4ec0-afc9-87b94e3e6c9b
13	test5-primary-device	2024-12-08 23:06:55.792771+00	2024-12-08 23:06:55.792823+00	Test 5 Primary	t	9ef51337-7ce1-4113-a6d3-d445151fc0bc
14	test5-secondary-device	2024-12-08 23:06:55.827401+00	2024-12-08 23:06:55.827432+00	Test 5 Secondary	t	76c466d4-5075-479f-a6ad-43de5a5fa5dc
15	test6-primary-device	2024-12-08 23:08:57.695509+00	2024-12-08 23:08:57.695568+00	Test 6 Primary	t	202d6812-2d79-4a56-abe1-ba8a8c1b6541
16	test6-secondary-device	2024-12-08 23:08:57.738601+00	2024-12-08 23:08:57.738632+00	Test 6 Secondary	t	202d6812-2d79-4a56-abe1-ba8a8c1b6541
17	4f7deba284519049401654053125201b	2024-12-09 21:24:45.960643+00	2024-12-09 21:24:45.965666+00	Mozilla/5.0 (Macintosh; Intel Mac OS X 10_15_7) AppleWebKit/537.36 (KHTML, like Gecko) Chrome/131.0.0.0 Safari/537.36	t	f9032346-f511-44d0-9b51-930fca802441
18	70e32e2f7ccbf1315f23e792218eb815	2025-01-07 23:11:13.690176+00	2025-01-07 23:11:13.774325+00	Mozilla/5.0 (Macintosh; Intel Mac OS X 10_15_7) AppleWebKit/537.36 (KHTML, like Gecko) Chrome/131.0.0.0 Safari/537.36	t	22c1236d-33d9-4dd4-8846-69ecb6076ef4
\.


--
-- Data for Name: leads_identityemail; Type: TABLE DATA; Schema: public; Owner: postgres
--

COPY public.leads_identityemail (id, email, is_primary, is_verified, verification_sent_at, verified_at, first_seen_at, last_used_at, identity_id) FROM stdin;
1	test2@example.com	t	t	\N	\N	2024-12-08 22:07:40.712021+00	2024-12-08 22:07:40.712029+00	7403033e-bbb5-4fd1-a4be-17c8d2f2be9d
2	primary@example.com	f	t	\N	\N	2024-12-08 22:39:00.588072+00	2024-12-08 22:39:00.588075+00	6f5e6c95-5149-4f52-a082-7e036165d8ea
3	secondary@example.com	f	t	\N	\N	2024-12-08 22:39:00.591551+00	2024-12-08 22:39:00.591553+00	c1e696b1-b6cd-42bf-b398-f6d8202a2141
8	primary_test3@example.com	t	t	\N	\N	2024-12-08 22:49:28.352441+00	2024-12-08 22:49:28.352449+00	e7967055-d1c1-4d36-a17a-0fd2df720089
9	secondary_test3@example.com	t	t	\N	\N	2024-12-08 22:49:28.439109+00	2024-12-08 22:49:28.439115+00	e3e85be4-7e2e-4d15-9afd-581aef82ea40
10	test4_primary@example.com	t	t	\N	\N	2024-12-08 23:02:46.396046+00	2024-12-08 23:02:46.39605+00	eaf1cd31-fed0-4ec0-afc9-87b94e3e6c9b
11	test4_secondary@example.com	t	t	\N	\N	2024-12-08 23:02:46.400007+00	2024-12-08 23:02:46.400009+00	eaf1cd31-fed0-4ec0-afc9-87b94e3e6c9b
12	test5_primary@example.com	t	t	\N	\N	2024-12-08 23:06:55.791959+00	2024-12-08 23:06:55.791962+00	9ef51337-7ce1-4113-a6d3-d445151fc0bc
13	test5_secondary@example.com	t	t	\N	\N	2024-12-08 23:06:55.826292+00	2024-12-08 23:06:55.826294+00	76c466d4-5075-479f-a6ad-43de5a5fa5dc
14	test6_primary@example.com	t	t	\N	\N	2024-12-08 23:08:57.694623+00	2024-12-08 23:08:57.694627+00	202d6812-2d79-4a56-abe1-ba8a8c1b6541
15	test6_secondary@example.com	f	t	\N	\N	2024-12-08 23:08:57.737656+00	2024-12-08 23:08:57.737658+00	202d6812-2d79-4a56-abe1-ba8a8c1b6541
\.


--
-- Data for Name: leads_interaction; Type: TABLE DATA; Schema: public; Owner: postgres
--

COPY public.leads_interaction (id, type, description, created_at, contact_id, created_by_id) FROM stdin;
1	MEETING	Initial discovery call	2024-11-16 23:48:49.608604+00	1	1
2	DOWNLOAD	Downloaded AI Readiness Assessment Guide	2024-11-16 23:49:24.074549+00	2	1
3	FORM	Hey! I need data services!	2024-11-30 16:37:16.433923+00	4	\N
4	FORM	Hey I need data services!	2024-11-30 17:20:59.714343+00	5	1
5	EMAIL	Follow up email asking for a meeting time	2024-11-30 17:33:32.663998+00	5	1
6	FORM	Testing the integration of the fingerprints	2024-12-09 20:16:24.430159+00	6	\N
7	FORM	Testing message, Should show up in Identity and Contacts\n	2024-12-09 21:24:45.967491+00	7	\N
8	FORM	Are you a sexy beast?  Heard you were!	2025-01-07 23:11:13.795627+00	8	\N
\.


--
-- Data for Name: leads_leadscore; Type: TABLE DATA; Schema: public; Owner: postgres
--

COPY public.leads_leadscore (id, score_type, score, reason, created_at, contact_id) FROM stdin;
1	ENGAGEMENT	5	Filled in contact form	2024-12-09 21:43:39.573351+00	7
\.


--
-- Data for Name: leads_newslettersubscription; Type: TABLE DATA; Schema: public; Owner: postgres
--

COPY public.leads_newslettersubscription (id, first_name, email, source, subscribed_at, is_active, ip_address, user_agent, time_to_signup) FROM stdin;
1	test	test.testerson@testing.com	banner	2024-12-01 02:30:34.921882+00	t	127.0.0.1	Mozilla/5.0 (Macintosh; Intel Mac OS X 10_15_7) AppleWebKit/537.36 (KHTML, like Gecko) Chrome/131.0.0.0 Safari/537.36	\N
2	Burt	burt.bacharach@music.com	banner	2024-12-01 03:41:05.930474+00	t	127.0.0.1	Mozilla/5.0 (Macintosh; Intel Mac OS X 10_15_7) AppleWebKit/537.36 (KHTML, like Gecko) Chrome/131.0.0.0 Safari/537.36	\N
3	tweety	tweet.bird@wb.com	banner	2024-12-01 03:55:50.33756+00	t	127.0.0.1	Mozilla/5.0 (Macintosh; Intel Mac OS X 10_15_7) AppleWebKit/537.36 (KHTML, like Gecko) Chrome/131.0.0.0 Safari/537.36	\N
4	bugs	bugs.bunny@wb.com	banner	2024-12-01 03:57:54.728975+00	t	127.0.0.1	Mozilla/5.0 (Macintosh; Intel Mac OS X 10_15_7) AppleWebKit/537.36 (KHTML, like Gecko) Chrome/131.0.0.0 Safari/537.36	\N
5	first	first.last@test.com	banner	2024-12-01 04:00:18.159978+00	t	127.0.0.1	Mozilla/5.0 (Macintosh; Intel Mac OS X 10_15_7) AppleWebKit/537.36 (KHTML, like Gecko) Chrome/131.0.0.0 Safari/537.36	\N
6	alpha	a.b@olympus.com	banner	2024-12-01 04:19:09.397915+00	t	127.0.0.1	Mozilla/5.0 (Macintosh; Intel Mac OS X 10_15_7) AppleWebKit/537.36 (KHTML, like Gecko) Chrome/131.0.0.0 Safari/537.36	\N
7	Burt	burt.o@sesamie.com	content-end	2024-12-03 23:41:19.167686+00	t	127.0.0.1	Mozilla/5.0 (Macintosh; Intel Mac OS X 10_15_7) AppleWebKit/537.36 (KHTML, like Gecko) Chrome/131.0.0.0 Safari/537.36	\N
\.


--
-- Data for Name: leads_roicalculation; Type: TABLE DATA; Schema: public; Owner: postgres
--

COPY public.leads_roicalculation (id, annual_revenue, data_team_size, roi_percentage, payback_months, created_at, updated_at, contact_id, avg_salary, completion_rate, current_tools_cost, data_request_backlog, efficiency_savings, labor_cost_savings, manual_hours_weekly, projected_completion_rate, projected_time_savings, report_turnaround_days, total_annual_savings) FROM stdin;
1	5000000.00	10	200.00	6	2024-11-16 23:56:42.919607+00	2024-11-16 23:56:42.91962+00	1	\N	\N	\N	\N	\N	\N	\N	\N	\N	\N	\N
2	5000000.00	8	340.00	3	2024-11-17 03:07:13.84884+00	2024-11-17 03:07:13.848892+00	1	120000.00	40	100000.00	15	150000.00	360000.00	25	70	15	3	510000.00
\.


--
-- Data for Name: services_service; Type: TABLE DATA; Schema: public; Owner: postgres
--

COPY public.services_service (id, name, slug, package_type, description, base_price, duration, is_active, created_at, updated_at, category_id) FROM stdin;
1	Enterprise Data Leadership Package	enterprise-data-leadership-package	ENTERPRISE	Comprehensive 40-hour monthly data leadership service including strategic planning, team development, and executive support.	20000.00	Monthly	t	2024-11-15 18:15:43.584772+00	2024-11-15 18:44:42.651647+00	1
2	Quick Start Assessment	quick-start-assessment	ESSENTIALS	Get clarity on your data capabilities and opportunities in 2 weeks	15000.00	2 weeks	t	2024-11-15 22:02:16.823861+00	2024-11-15 22:02:16.823887+00	2
3	Strategic Roadmap	strategic-roadmap	ENTERPRISE	Comprehensive 6-week engagement to build your data strategy	45000.00	6 weeks	t	2024-11-15 22:06:40.58142+00	2024-11-15 22:06:40.58146+00	2
4	AI Readiness Assessment	ai-readiness-assessment	ESSENTIALS	Understand your AI potential and readiness in 2 weeks with comprehensive assessment and initial roadmap	10000.00	2 weeks	t	2024-11-15 22:25:28.484448+00	2024-11-15 22:25:28.48448+00	3
5	AI Implementation Planning	ai-implementation-planning	PROFESSIONAL	Comprehensive 4-week program to plan your AI journey with detailed technical requirements and ROI analysis	35000.00	4	t	2024-11-15 22:31:28.111472+00	2024-11-15 22:31:28.111496+00	3
6	AI Full Launch Program	ai-full-launch-program	ENTERPRISE	Complete an Approximately 8-week program to kickstart your AI implementation with comprehensive support and training	75000.00	~ 8 weeks	t	2024-11-15 22:35:16.000439+00	2025-01-08 21:59:46.313792+00	3
7	Process Optimization Opportunities	process-optimization-opportunities	ESSENTIALS	Identifies specific areas where process optimization enables more rapid growth or reduces cost. Process flows, diagrams, and other documentation are reviewed in a workshop where the team examines current workflows The resulting report documents current processes and provides potential solutions to pursue.	20000.00	~3 weeks	t	2025-01-11 20:55:17.974342+00	2025-01-11 20:56:51.287294+00	4
\.


--
-- Data for Name: services_servicecategory; Type: TABLE DATA; Schema: public; Owner: postgres
--

COPY public.services_servicecategory (id, name, slug, description, created_at, updated_at) FROM stdin;
1	Fractional CDO Services	fractional-cdo-services	Part-time executive data leadership for organizations seeking expertise without the full-time cost.	2024-11-15 18:13:06.673689+00	2024-11-15 18:13:06.673715+00
2	Data Strategy Consulting	data-strategy-consulting	Comprehensive data strategy development and implementation services for organizations looking to maximize their data value.	2024-11-15 21:56:50.164803+00	2024-11-15 21:56:50.164843+00
3	AI Readiness Consulting	ai-readiness-consulting	Expert guidance for organizations preparing to adopt and implement AI technologies effectively and responsibly.	2024-11-15 22:19:56.857879+00	2024-11-15 22:19:56.857893+00
4	Business Process Optimization	business-process-optimization	Services designed to identify and streamline workflows, reduce cost, and enhance overall performance.	2025-01-11 20:22:45.484868+00	2025-01-11 20:22:45.484904+00
\.


--
-- Data for Name: services_servicedeliverable; Type: TABLE DATA; Schema: public; Owner: postgres
--

COPY public.services_servicedeliverable (id, name, description, timeline, "order", service_id) FROM stdin;
1	Monthly Strategy Report	Comprehensive review of data initiatives and progress	End of each month	1	1
2	Executive Dashboard	Real-time KPI tracking and metrics visualization	Updated Weekly	2	1
3	Maturity Assessment Report	Comprehensive maturity assessment report with SWOT analysis	End of week 2	1	2
4	Action Plan	30-day action plan with prioritized recommendations	End of week 2	0	2
5	Implementation Roadmap	Detailed implementation plan with resource requirements and timeline	End of week 6	0	3
6	ROI Analysis	Comprehensive ROI analysis and business case	End of week 5	0	3
7	AI Readiness Score & Report	Comprehensive readiness assessment report with benchmarking	End of week 2	0	4
8	Action Plan	30-60-90 day action plan with prioritized opportunities	End of week 2	0	4
9	Implementation Roadmap	Detailed implementation plan with timeline and resource requirements	End of week 4	1	5
10	ROI Analysis	Comprehensive business case with expected returns and timelines	End of week 3	0	5
11	Pilot Project Design	Complete pilot project specification and implementation plan	Week 6	0	6
12	Team Training Program	Custom training curriculum and materials for your team	Week 7	0	6
13	Implementation Support	60 days of post-launch support and guidance	Ongoing	0	6
14	BPO Opportunity Analysis Report	Based on the information gathered during the workshop and refined with 1-1 calls with key stakeholders, the BPO Opportunity Analysis Report documents the most impactful processes to optimize. It provides a summary of how each process can be optimized and includes a rough ROI and timeline. \r\n\r\nThe report is designed to facilitate creation of justification and SOW documents for pursuing each optimization opportunity.	End of engagement	0	7
\.


--
-- Data for Name: services_servicefeature; Type: TABLE DATA; Schema: public; Owner: postgres
--

COPY public.services_servicefeature (id, name, description, is_highlighted, "order", service_id) FROM stdin;
1	Weekly Strategy Sessions	One-on-one strategic planning and review meetings	t	1	1
2	Board Meeting Support	Preparation and attendance at board meetings to present data strategy	t	2	1
3	Data Maturity Assessment	Current state analysis across 6 key dimensions including governance, technology, and analytics	t	1	2
4	Gap Analysis	Comprehensive analysis of current capabilities versus desired state	t	2	2
5	Detailed Current State Analysis	In-depth stakeholder interviews and system architecture review	t	1	3
6	Future State Design	Target architecture design and implementation planning	t	2	3
7	AI Capability Assessment	Assessment across 5 key dimensions: data readiness, technical infrastructure, team capabilities, process maturity, and cultural readiness	t	1	4
8	Use Case Identification	Analysis of potential AI applications with ROI evaluation	t	2	4
9	Detailed Use Case Analysis	In-depth analysis of selected use cases with implementation complexity assessment	t	1	5
10	Technical Requirements Planning	Detailed technical architecture and infrastructure requirements	t	2	5
11	Vendor Selection Support	Complete vendor evaluation and selection process management	t	1	6
12	Change Management Program	Comprehensive change management and training program	f	0	6
14	BPO Opportunity Analysis	Based on the information gathered during the workshop and refined with 1-1 calls with key stakeholders, the BPO Opportunity Analysis documents the most impactful processes to optimize. It provides a summary of how each process can be optimized and includes a rough ROI and timeline.	t	2	7
13	Process Overview Workshop	An event where client leadership meets to share their key business processes, their insights on the current state of processes, and identify areas they feel should be explored. A brainstorming session is conducted to build a list of process candidates and optimization concepts. The team then goes through a dot voting process to establish a rank order list.	t	1	7
\.


--
-- Name: accounts_user_groups_id_seq; Type: SEQUENCE SET; Schema: public; Owner: postgres
--

SELECT pg_catalog.setval('public.accounts_user_groups_id_seq', 1, false);


--
-- Name: accounts_user_id_seq; Type: SEQUENCE SET; Schema: public; Owner: postgres
--

SELECT pg_catalog.setval('public.accounts_user_id_seq', 6, true);


--
-- Name: accounts_user_user_permissions_id_seq; Type: SEQUENCE SET; Schema: public; Owner: postgres
--

SELECT pg_catalog.setval('public.accounts_user_user_permissions_id_seq', 1, false);


--
-- Name: accounts_userprofile_id_seq; Type: SEQUENCE SET; Schema: public; Owner: postgres
--

SELECT pg_catalog.setval('public.accounts_userprofile_id_seq', 6, true);


--
-- Name: auth_group_id_seq; Type: SEQUENCE SET; Schema: public; Owner: postgres
--

SELECT pg_catalog.setval('public.auth_group_id_seq', 1, false);


--
-- Name: auth_group_permissions_id_seq; Type: SEQUENCE SET; Schema: public; Owner: postgres
--

SELECT pg_catalog.setval('public.auth_group_permissions_id_seq', 1, false);


--
-- Name: auth_permission_id_seq; Type: SEQUENCE SET; Schema: public; Owner: postgres
--

SELECT pg_catalog.setval('public.auth_permission_id_seq', 140, true);


--
-- Name: auth_user_groups_id_seq; Type: SEQUENCE SET; Schema: public; Owner: postgres
--

SELECT pg_catalog.setval('public.auth_user_groups_id_seq', 1, false);


--
-- Name: auth_user_id_seq; Type: SEQUENCE SET; Schema: public; Owner: postgres
--

SELECT pg_catalog.setval('public.auth_user_id_seq', 4, true);


--
-- Name: auth_user_user_permissions_id_seq; Type: SEQUENCE SET; Schema: public; Owner: postgres
--

SELECT pg_catalog.setval('public.auth_user_user_permissions_id_seq', 1, false);


--
-- Name: content_abtest_id_seq; Type: SEQUENCE SET; Schema: public; Owner: postgres
--

SELECT pg_catalog.setval('public.content_abtest_id_seq', 1, false);


--
-- Name: content_bloganalytics_id_seq; Type: SEQUENCE SET; Schema: public; Owner: postgres
--

SELECT pg_catalog.setval('public.content_bloganalytics_id_seq', 1, false);


--
-- Name: content_blogpost_id_seq; Type: SEQUENCE SET; Schema: public; Owner: postgres
--

SELECT pg_catalog.setval('public.content_blogpost_id_seq', 6, true);


--
-- Name: content_blogpost_tags_id_seq; Type: SEQUENCE SET; Schema: public; Owner: postgres
--

SELECT pg_catalog.setval('public.content_blogpost_tags_id_seq', 1, false);


--
-- Name: content_campaign_id_seq; Type: SEQUENCE SET; Schema: public; Owner: postgres
--

SELECT pg_catalog.setval('public.content_campaign_id_seq', 1, true);


--
-- Name: content_casestudy_id_seq; Type: SEQUENCE SET; Schema: public; Owner: postgres
--

SELECT pg_catalog.setval('public.content_casestudy_id_seq', 3, true);


--
-- Name: content_casestudycategory_id_seq; Type: SEQUENCE SET; Schema: public; Owner: postgres
--

SELECT pg_catalog.setval('public.content_casestudycategory_id_seq', 3, true);


--
-- Name: content_category_id_seq; Type: SEQUENCE SET; Schema: public; Owner: postgres
--

SELECT pg_catalog.setval('public.content_category_id_seq', 3, true);


--
-- Name: content_landingpage_id_seq; Type: SEQUENCE SET; Schema: public; Owner: postgres
--

SELECT pg_catalog.setval('public.content_landingpage_id_seq', 1, true);


--
-- Name: content_leadmagnet_id_seq; Type: SEQUENCE SET; Schema: public; Owner: postgres
--

SELECT pg_catalog.setval('public.content_leadmagnet_id_seq', 1, true);


--
-- Name: content_resource_id_seq; Type: SEQUENCE SET; Schema: public; Owner: postgres
--

SELECT pg_catalog.setval('public.content_resource_id_seq', 2, true);


--
-- Name: content_resource_tags_id_seq; Type: SEQUENCE SET; Schema: public; Owner: postgres
--

SELECT pg_catalog.setval('public.content_resource_tags_id_seq', 1, false);


--
-- Name: content_resourcedownload_id_seq; Type: SEQUENCE SET; Schema: public; Owner: postgres
--

SELECT pg_catalog.setval('public.content_resourcedownload_id_seq', 1, false);


--
-- Name: content_tag_id_seq; Type: SEQUENCE SET; Schema: public; Owner: postgres
--

SELECT pg_catalog.setval('public.content_tag_id_seq', 1, false);


--
-- Name: content_variant_id_seq; Type: SEQUENCE SET; Schema: public; Owner: postgres
--

SELECT pg_catalog.setval('public.content_variant_id_seq', 1, false);


--
-- Name: content_variantvisit_id_seq; Type: SEQUENCE SET; Schema: public; Owner: postgres
--

SELECT pg_catalog.setval('public.content_variantvisit_id_seq', 1, false);


--
-- Name: django_admin_log_id_seq; Type: SEQUENCE SET; Schema: public; Owner: postgres
--

SELECT pg_catalog.setval('public.django_admin_log_id_seq', 62, true);


--
-- Name: django_content_type_id_seq; Type: SEQUENCE SET; Schema: public; Owner: postgres
--

SELECT pg_catalog.setval('public.django_content_type_id_seq', 35, true);


--
-- Name: django_migrations_id_seq; Type: SEQUENCE SET; Schema: public; Owner: postgres
--

SELECT pg_catalog.setval('public.django_migrations_id_seq', 37, true);


--
-- Name: leads_contact_id_seq; Type: SEQUENCE SET; Schema: public; Owner: postgres
--

SELECT pg_catalog.setval('public.leads_contact_id_seq', 8, true);


--
-- Name: leads_identitydevice_id_seq; Type: SEQUENCE SET; Schema: public; Owner: postgres
--

SELECT pg_catalog.setval('public.leads_identitydevice_id_seq', 18, true);


--
-- Name: leads_identityemail_id_seq; Type: SEQUENCE SET; Schema: public; Owner: postgres
--

SELECT pg_catalog.setval('public.leads_identityemail_id_seq', 15, true);


--
-- Name: leads_interaction_id_seq; Type: SEQUENCE SET; Schema: public; Owner: postgres
--

SELECT pg_catalog.setval('public.leads_interaction_id_seq', 8, true);


--
-- Name: leads_leadscore_id_seq; Type: SEQUENCE SET; Schema: public; Owner: postgres
--

SELECT pg_catalog.setval('public.leads_leadscore_id_seq', 1, true);


--
-- Name: leads_newslettersubscription_id_seq; Type: SEQUENCE SET; Schema: public; Owner: postgres
--

SELECT pg_catalog.setval('public.leads_newslettersubscription_id_seq', 7, true);


--
-- Name: leads_roicalculation_id_seq; Type: SEQUENCE SET; Schema: public; Owner: postgres
--

SELECT pg_catalog.setval('public.leads_roicalculation_id_seq', 2, true);


--
-- Name: services_service_id_seq; Type: SEQUENCE SET; Schema: public; Owner: postgres
--

SELECT pg_catalog.setval('public.services_service_id_seq', 7, true);


--
-- Name: services_servicecategory_id_seq; Type: SEQUENCE SET; Schema: public; Owner: postgres
--

SELECT pg_catalog.setval('public.services_servicecategory_id_seq', 4, true);


--
-- Name: services_servicedeliverable_id_seq; Type: SEQUENCE SET; Schema: public; Owner: postgres
--

SELECT pg_catalog.setval('public.services_servicedeliverable_id_seq', 14, true);


--
-- Name: services_servicefeature_id_seq; Type: SEQUENCE SET; Schema: public; Owner: postgres
--

SELECT pg_catalog.setval('public.services_servicefeature_id_seq', 14, true);


--
-- Name: accounts_user accounts_user_email_key; Type: CONSTRAINT; Schema: public; Owner: postgres
--

ALTER TABLE ONLY public.accounts_user
    ADD CONSTRAINT accounts_user_email_key UNIQUE (email);


--
-- Name: accounts_user_groups accounts_user_groups_pkey; Type: CONSTRAINT; Schema: public; Owner: postgres
--

ALTER TABLE ONLY public.accounts_user_groups
    ADD CONSTRAINT accounts_user_groups_pkey PRIMARY KEY (id);


--
-- Name: accounts_user_groups accounts_user_groups_user_id_group_id_59c0b32f_uniq; Type: CONSTRAINT; Schema: public; Owner: postgres
--

ALTER TABLE ONLY public.accounts_user_groups
    ADD CONSTRAINT accounts_user_groups_user_id_group_id_59c0b32f_uniq UNIQUE (user_id, group_id);


--
-- Name: accounts_user accounts_user_pkey; Type: CONSTRAINT; Schema: public; Owner: postgres
--

ALTER TABLE ONLY public.accounts_user
    ADD CONSTRAINT accounts_user_pkey PRIMARY KEY (id);


--
-- Name: accounts_user_user_permissions accounts_user_user_permi_user_id_permission_id_2ab516c2_uniq; Type: CONSTRAINT; Schema: public; Owner: postgres
--

ALTER TABLE ONLY public.accounts_user_user_permissions
    ADD CONSTRAINT accounts_user_user_permi_user_id_permission_id_2ab516c2_uniq UNIQUE (user_id, permission_id);


--
-- Name: accounts_user_user_permissions accounts_user_user_permissions_pkey; Type: CONSTRAINT; Schema: public; Owner: postgres
--

ALTER TABLE ONLY public.accounts_user_user_permissions
    ADD CONSTRAINT accounts_user_user_permissions_pkey PRIMARY KEY (id);


--
-- Name: accounts_userprofile accounts_userprofile_pkey; Type: CONSTRAINT; Schema: public; Owner: postgres
--

ALTER TABLE ONLY public.accounts_userprofile
    ADD CONSTRAINT accounts_userprofile_pkey PRIMARY KEY (id);


--
-- Name: accounts_userprofile accounts_userprofile_user_id_key; Type: CONSTRAINT; Schema: public; Owner: postgres
--

ALTER TABLE ONLY public.accounts_userprofile
    ADD CONSTRAINT accounts_userprofile_user_id_key UNIQUE (user_id);


--
-- Name: auth_group auth_group_name_key; Type: CONSTRAINT; Schema: public; Owner: postgres
--

ALTER TABLE ONLY public.auth_group
    ADD CONSTRAINT auth_group_name_key UNIQUE (name);


--
-- Name: auth_group_permissions auth_group_permissions_group_id_permission_id_0cd325b0_uniq; Type: CONSTRAINT; Schema: public; Owner: postgres
--

ALTER TABLE ONLY public.auth_group_permissions
    ADD CONSTRAINT auth_group_permissions_group_id_permission_id_0cd325b0_uniq UNIQUE (group_id, permission_id);


--
-- Name: auth_group_permissions auth_group_permissions_pkey; Type: CONSTRAINT; Schema: public; Owner: postgres
--

ALTER TABLE ONLY public.auth_group_permissions
    ADD CONSTRAINT auth_group_permissions_pkey PRIMARY KEY (id);


--
-- Name: auth_group auth_group_pkey; Type: CONSTRAINT; Schema: public; Owner: postgres
--

ALTER TABLE ONLY public.auth_group
    ADD CONSTRAINT auth_group_pkey PRIMARY KEY (id);


--
-- Name: auth_permission auth_permission_content_type_id_codename_01ab375a_uniq; Type: CONSTRAINT; Schema: public; Owner: postgres
--

ALTER TABLE ONLY public.auth_permission
    ADD CONSTRAINT auth_permission_content_type_id_codename_01ab375a_uniq UNIQUE (content_type_id, codename);


--
-- Name: auth_permission auth_permission_pkey; Type: CONSTRAINT; Schema: public; Owner: postgres
--

ALTER TABLE ONLY public.auth_permission
    ADD CONSTRAINT auth_permission_pkey PRIMARY KEY (id);


--
-- Name: auth_user_groups auth_user_groups_pkey; Type: CONSTRAINT; Schema: public; Owner: postgres
--

ALTER TABLE ONLY public.auth_user_groups
    ADD CONSTRAINT auth_user_groups_pkey PRIMARY KEY (id);


--
-- Name: auth_user_groups auth_user_groups_user_id_group_id_94350c0c_uniq; Type: CONSTRAINT; Schema: public; Owner: postgres
--

ALTER TABLE ONLY public.auth_user_groups
    ADD CONSTRAINT auth_user_groups_user_id_group_id_94350c0c_uniq UNIQUE (user_id, group_id);


--
-- Name: auth_user auth_user_pkey; Type: CONSTRAINT; Schema: public; Owner: postgres
--

ALTER TABLE ONLY public.auth_user
    ADD CONSTRAINT auth_user_pkey PRIMARY KEY (id);


--
-- Name: auth_user_user_permissions auth_user_user_permissions_pkey; Type: CONSTRAINT; Schema: public; Owner: postgres
--

ALTER TABLE ONLY public.auth_user_user_permissions
    ADD CONSTRAINT auth_user_user_permissions_pkey PRIMARY KEY (id);


--
-- Name: auth_user_user_permissions auth_user_user_permissions_user_id_permission_id_14a6b632_uniq; Type: CONSTRAINT; Schema: public; Owner: postgres
--

ALTER TABLE ONLY public.auth_user_user_permissions
    ADD CONSTRAINT auth_user_user_permissions_user_id_permission_id_14a6b632_uniq UNIQUE (user_id, permission_id);


--
-- Name: auth_user auth_user_username_key; Type: CONSTRAINT; Schema: public; Owner: postgres
--

ALTER TABLE ONLY public.auth_user
    ADD CONSTRAINT auth_user_username_key UNIQUE (username);


--
-- Name: content_abtest content_abtest_pkey; Type: CONSTRAINT; Schema: public; Owner: postgres
--

ALTER TABLE ONLY public.content_abtest
    ADD CONSTRAINT content_abtest_pkey PRIMARY KEY (id);


--
-- Name: content_bloganalytics content_bloganalytics_blog_post_id_key; Type: CONSTRAINT; Schema: public; Owner: postgres
--

ALTER TABLE ONLY public.content_bloganalytics
    ADD CONSTRAINT content_bloganalytics_blog_post_id_key UNIQUE (blog_post_id);


--
-- Name: content_bloganalytics content_bloganalytics_pkey; Type: CONSTRAINT; Schema: public; Owner: postgres
--

ALTER TABLE ONLY public.content_bloganalytics
    ADD CONSTRAINT content_bloganalytics_pkey PRIMARY KEY (id);


--
-- Name: content_blogpost content_blogpost_pkey; Type: CONSTRAINT; Schema: public; Owner: postgres
--

ALTER TABLE ONLY public.content_blogpost
    ADD CONSTRAINT content_blogpost_pkey PRIMARY KEY (id);


--
-- Name: content_blogpost content_blogpost_slug_key; Type: CONSTRAINT; Schema: public; Owner: postgres
--

ALTER TABLE ONLY public.content_blogpost
    ADD CONSTRAINT content_blogpost_slug_key UNIQUE (slug);


--
-- Name: content_blogpost_tags content_blogpost_tags_blogpost_id_tag_id_160c7eb0_uniq; Type: CONSTRAINT; Schema: public; Owner: postgres
--

ALTER TABLE ONLY public.content_blogpost_tags
    ADD CONSTRAINT content_blogpost_tags_blogpost_id_tag_id_160c7eb0_uniq UNIQUE (blogpost_id, tag_id);


--
-- Name: content_blogpost_tags content_blogpost_tags_pkey; Type: CONSTRAINT; Schema: public; Owner: postgres
--

ALTER TABLE ONLY public.content_blogpost_tags
    ADD CONSTRAINT content_blogpost_tags_pkey PRIMARY KEY (id);


--
-- Name: content_campaign content_campaign_pkey; Type: CONSTRAINT; Schema: public; Owner: postgres
--

ALTER TABLE ONLY public.content_campaign
    ADD CONSTRAINT content_campaign_pkey PRIMARY KEY (id);


--
-- Name: content_campaign content_campaign_slug_key; Type: CONSTRAINT; Schema: public; Owner: postgres
--

ALTER TABLE ONLY public.content_campaign
    ADD CONSTRAINT content_campaign_slug_key UNIQUE (slug);


--
-- Name: content_casestudy content_casestudy_pkey; Type: CONSTRAINT; Schema: public; Owner: postgres
--

ALTER TABLE ONLY public.content_casestudy
    ADD CONSTRAINT content_casestudy_pkey PRIMARY KEY (id);


--
-- Name: content_casestudy content_casestudy_slug_key; Type: CONSTRAINT; Schema: public; Owner: postgres
--

ALTER TABLE ONLY public.content_casestudy
    ADD CONSTRAINT content_casestudy_slug_key UNIQUE (slug);


--
-- Name: content_casestudycategory content_casestudycategory_pkey; Type: CONSTRAINT; Schema: public; Owner: postgres
--

ALTER TABLE ONLY public.content_casestudycategory
    ADD CONSTRAINT content_casestudycategory_pkey PRIMARY KEY (id);


--
-- Name: content_casestudycategory content_casestudycategory_slug_key; Type: CONSTRAINT; Schema: public; Owner: postgres
--

ALTER TABLE ONLY public.content_casestudycategory
    ADD CONSTRAINT content_casestudycategory_slug_key UNIQUE (slug);


--
-- Name: content_category content_category_pkey; Type: CONSTRAINT; Schema: public; Owner: postgres
--

ALTER TABLE ONLY public.content_category
    ADD CONSTRAINT content_category_pkey PRIMARY KEY (id);


--
-- Name: content_category content_category_slug_key; Type: CONSTRAINT; Schema: public; Owner: postgres
--

ALTER TABLE ONLY public.content_category
    ADD CONSTRAINT content_category_slug_key UNIQUE (slug);


--
-- Name: content_landingpage content_landingpage_pkey; Type: CONSTRAINT; Schema: public; Owner: postgres
--

ALTER TABLE ONLY public.content_landingpage
    ADD CONSTRAINT content_landingpage_pkey PRIMARY KEY (id);


--
-- Name: content_landingpage content_landingpage_slug_key; Type: CONSTRAINT; Schema: public; Owner: postgres
--

ALTER TABLE ONLY public.content_landingpage
    ADD CONSTRAINT content_landingpage_slug_key UNIQUE (slug);


--
-- Name: content_leadmagnet content_leadmagnet_pkey; Type: CONSTRAINT; Schema: public; Owner: postgres
--

ALTER TABLE ONLY public.content_leadmagnet
    ADD CONSTRAINT content_leadmagnet_pkey PRIMARY KEY (id);


--
-- Name: content_leadmagnet content_leadmagnet_slug_key; Type: CONSTRAINT; Schema: public; Owner: postgres
--

ALTER TABLE ONLY public.content_leadmagnet
    ADD CONSTRAINT content_leadmagnet_slug_key UNIQUE (slug);


--
-- Name: content_resource content_resource_pkey; Type: CONSTRAINT; Schema: public; Owner: postgres
--

ALTER TABLE ONLY public.content_resource
    ADD CONSTRAINT content_resource_pkey PRIMARY KEY (id);


--
-- Name: content_resource content_resource_slug_key; Type: CONSTRAINT; Schema: public; Owner: postgres
--

ALTER TABLE ONLY public.content_resource
    ADD CONSTRAINT content_resource_slug_key UNIQUE (slug);


--
-- Name: content_resource_tags content_resource_tags_pkey; Type: CONSTRAINT; Schema: public; Owner: postgres
--

ALTER TABLE ONLY public.content_resource_tags
    ADD CONSTRAINT content_resource_tags_pkey PRIMARY KEY (id);


--
-- Name: content_resource_tags content_resource_tags_resource_id_tag_id_71bf136e_uniq; Type: CONSTRAINT; Schema: public; Owner: postgres
--

ALTER TABLE ONLY public.content_resource_tags
    ADD CONSTRAINT content_resource_tags_resource_id_tag_id_71bf136e_uniq UNIQUE (resource_id, tag_id);


--
-- Name: content_resourcedownload content_resourcedownload_email_resource_id_74c613ac_uniq; Type: CONSTRAINT; Schema: public; Owner: postgres
--

ALTER TABLE ONLY public.content_resourcedownload
    ADD CONSTRAINT content_resourcedownload_email_resource_id_74c613ac_uniq UNIQUE (email, resource_id);


--
-- Name: content_resourcedownload content_resourcedownload_pkey; Type: CONSTRAINT; Schema: public; Owner: postgres
--

ALTER TABLE ONLY public.content_resourcedownload
    ADD CONSTRAINT content_resourcedownload_pkey PRIMARY KEY (id);


--
-- Name: content_tag content_tag_pkey; Type: CONSTRAINT; Schema: public; Owner: postgres
--

ALTER TABLE ONLY public.content_tag
    ADD CONSTRAINT content_tag_pkey PRIMARY KEY (id);


--
-- Name: content_tag content_tag_slug_key; Type: CONSTRAINT; Schema: public; Owner: postgres
--

ALTER TABLE ONLY public.content_tag
    ADD CONSTRAINT content_tag_slug_key UNIQUE (slug);


--
-- Name: content_variant content_variant_pkey; Type: CONSTRAINT; Schema: public; Owner: postgres
--

ALTER TABLE ONLY public.content_variant
    ADD CONSTRAINT content_variant_pkey PRIMARY KEY (id);


--
-- Name: content_variantvisit content_variantvisit_pkey; Type: CONSTRAINT; Schema: public; Owner: postgres
--

ALTER TABLE ONLY public.content_variantvisit
    ADD CONSTRAINT content_variantvisit_pkey PRIMARY KEY (id);


--
-- Name: django_admin_log django_admin_log_pkey; Type: CONSTRAINT; Schema: public; Owner: postgres
--

ALTER TABLE ONLY public.django_admin_log
    ADD CONSTRAINT django_admin_log_pkey PRIMARY KEY (id);


--
-- Name: django_content_type django_content_type_app_label_model_76bd3d3b_uniq; Type: CONSTRAINT; Schema: public; Owner: postgres
--

ALTER TABLE ONLY public.django_content_type
    ADD CONSTRAINT django_content_type_app_label_model_76bd3d3b_uniq UNIQUE (app_label, model);


--
-- Name: django_content_type django_content_type_pkey; Type: CONSTRAINT; Schema: public; Owner: postgres
--

ALTER TABLE ONLY public.django_content_type
    ADD CONSTRAINT django_content_type_pkey PRIMARY KEY (id);


--
-- Name: django_migrations django_migrations_pkey; Type: CONSTRAINT; Schema: public; Owner: postgres
--

ALTER TABLE ONLY public.django_migrations
    ADD CONSTRAINT django_migrations_pkey PRIMARY KEY (id);


--
-- Name: django_session django_session_pkey; Type: CONSTRAINT; Schema: public; Owner: postgres
--

ALTER TABLE ONLY public.django_session
    ADD CONSTRAINT django_session_pkey PRIMARY KEY (session_key);


--
-- Name: leads_contact leads_contact_email_key; Type: CONSTRAINT; Schema: public; Owner: postgres
--

ALTER TABLE ONLY public.leads_contact
    ADD CONSTRAINT leads_contact_email_key UNIQUE (email);


--
-- Name: leads_contact leads_contact_identity_id_key; Type: CONSTRAINT; Schema: public; Owner: postgres
--

ALTER TABLE ONLY public.leads_contact
    ADD CONSTRAINT leads_contact_identity_id_key UNIQUE (identity_id);


--
-- Name: leads_contact leads_contact_pkey; Type: CONSTRAINT; Schema: public; Owner: postgres
--

ALTER TABLE ONLY public.leads_contact
    ADD CONSTRAINT leads_contact_pkey PRIMARY KEY (id);


--
-- Name: leads_identity leads_identity_anonymous_id_key; Type: CONSTRAINT; Schema: public; Owner: postgres
--

ALTER TABLE ONLY public.leads_identity
    ADD CONSTRAINT leads_identity_anonymous_id_key UNIQUE (anonymous_id);


--
-- Name: leads_identity leads_identity_pkey; Type: CONSTRAINT; Schema: public; Owner: postgres
--

ALTER TABLE ONLY public.leads_identity
    ADD CONSTRAINT leads_identity_pkey PRIMARY KEY (id);


--
-- Name: leads_identity leads_identity_primary_email_key; Type: CONSTRAINT; Schema: public; Owner: postgres
--

ALTER TABLE ONLY public.leads_identity
    ADD CONSTRAINT leads_identity_primary_email_key UNIQUE (primary_email);


--
-- Name: leads_identitydevice leads_identitydevice_identity_id_fingerprint_fff827ae_uniq; Type: CONSTRAINT; Schema: public; Owner: postgres
--

ALTER TABLE ONLY public.leads_identitydevice
    ADD CONSTRAINT leads_identitydevice_identity_id_fingerprint_fff827ae_uniq UNIQUE (identity_id, fingerprint);


--
-- Name: leads_identitydevice leads_identitydevice_pkey; Type: CONSTRAINT; Schema: public; Owner: postgres
--

ALTER TABLE ONLY public.leads_identitydevice
    ADD CONSTRAINT leads_identitydevice_pkey PRIMARY KEY (id);


--
-- Name: leads_identityemail leads_identityemail_email_key; Type: CONSTRAINT; Schema: public; Owner: postgres
--

ALTER TABLE ONLY public.leads_identityemail
    ADD CONSTRAINT leads_identityemail_email_key UNIQUE (email);


--
-- Name: leads_identityemail leads_identityemail_pkey; Type: CONSTRAINT; Schema: public; Owner: postgres
--

ALTER TABLE ONLY public.leads_identityemail
    ADD CONSTRAINT leads_identityemail_pkey PRIMARY KEY (id);


--
-- Name: leads_interaction leads_interaction_pkey; Type: CONSTRAINT; Schema: public; Owner: postgres
--

ALTER TABLE ONLY public.leads_interaction
    ADD CONSTRAINT leads_interaction_pkey PRIMARY KEY (id);


--
-- Name: leads_leadscore leads_leadscore_pkey; Type: CONSTRAINT; Schema: public; Owner: postgres
--

ALTER TABLE ONLY public.leads_leadscore
    ADD CONSTRAINT leads_leadscore_pkey PRIMARY KEY (id);


--
-- Name: leads_newslettersubscription leads_newslettersubscription_email_key; Type: CONSTRAINT; Schema: public; Owner: postgres
--

ALTER TABLE ONLY public.leads_newslettersubscription
    ADD CONSTRAINT leads_newslettersubscription_email_key UNIQUE (email);


--
-- Name: leads_newslettersubscription leads_newslettersubscription_pkey; Type: CONSTRAINT; Schema: public; Owner: postgres
--

ALTER TABLE ONLY public.leads_newslettersubscription
    ADD CONSTRAINT leads_newslettersubscription_pkey PRIMARY KEY (id);


--
-- Name: leads_roicalculation leads_roicalculation_pkey; Type: CONSTRAINT; Schema: public; Owner: postgres
--

ALTER TABLE ONLY public.leads_roicalculation
    ADD CONSTRAINT leads_roicalculation_pkey PRIMARY KEY (id);


--
-- Name: services_service services_service_category_id_package_type_2ef2a22f_uniq; Type: CONSTRAINT; Schema: public; Owner: postgres
--

ALTER TABLE ONLY public.services_service
    ADD CONSTRAINT services_service_category_id_package_type_2ef2a22f_uniq UNIQUE (category_id, package_type);


--
-- Name: services_service services_service_pkey; Type: CONSTRAINT; Schema: public; Owner: postgres
--

ALTER TABLE ONLY public.services_service
    ADD CONSTRAINT services_service_pkey PRIMARY KEY (id);


--
-- Name: services_service services_service_slug_key; Type: CONSTRAINT; Schema: public; Owner: postgres
--

ALTER TABLE ONLY public.services_service
    ADD CONSTRAINT services_service_slug_key UNIQUE (slug);


--
-- Name: services_servicecategory services_servicecategory_pkey; Type: CONSTRAINT; Schema: public; Owner: postgres
--

ALTER TABLE ONLY public.services_servicecategory
    ADD CONSTRAINT services_servicecategory_pkey PRIMARY KEY (id);


--
-- Name: services_servicecategory services_servicecategory_slug_key; Type: CONSTRAINT; Schema: public; Owner: postgres
--

ALTER TABLE ONLY public.services_servicecategory
    ADD CONSTRAINT services_servicecategory_slug_key UNIQUE (slug);


--
-- Name: services_servicedeliverable services_servicedeliverable_pkey; Type: CONSTRAINT; Schema: public; Owner: postgres
--

ALTER TABLE ONLY public.services_servicedeliverable
    ADD CONSTRAINT services_servicedeliverable_pkey PRIMARY KEY (id);


--
-- Name: services_servicefeature services_servicefeature_pkey; Type: CONSTRAINT; Schema: public; Owner: postgres
--

ALTER TABLE ONLY public.services_servicefeature
    ADD CONSTRAINT services_servicefeature_pkey PRIMARY KEY (id);


--
-- Name: accounts_user_email_b2644a56_like; Type: INDEX; Schema: public; Owner: postgres
--

CREATE INDEX accounts_user_email_b2644a56_like ON public.accounts_user USING btree (email varchar_pattern_ops);


--
-- Name: accounts_user_groups_group_id_bd11a704; Type: INDEX; Schema: public; Owner: postgres
--

CREATE INDEX accounts_user_groups_group_id_bd11a704 ON public.accounts_user_groups USING btree (group_id);


--
-- Name: accounts_user_groups_user_id_52b62117; Type: INDEX; Schema: public; Owner: postgres
--

CREATE INDEX accounts_user_groups_user_id_52b62117 ON public.accounts_user_groups USING btree (user_id);


--
-- Name: accounts_user_user_permissions_permission_id_113bb443; Type: INDEX; Schema: public; Owner: postgres
--

CREATE INDEX accounts_user_user_permissions_permission_id_113bb443 ON public.accounts_user_user_permissions USING btree (permission_id);


--
-- Name: accounts_user_user_permissions_user_id_e4f0a161; Type: INDEX; Schema: public; Owner: postgres
--

CREATE INDEX accounts_user_user_permissions_user_id_e4f0a161 ON public.accounts_user_user_permissions USING btree (user_id);


--
-- Name: auth_group_name_a6ea08ec_like; Type: INDEX; Schema: public; Owner: postgres
--

CREATE INDEX auth_group_name_a6ea08ec_like ON public.auth_group USING btree (name varchar_pattern_ops);


--
-- Name: auth_group_permissions_group_id_b120cbf9; Type: INDEX; Schema: public; Owner: postgres
--

CREATE INDEX auth_group_permissions_group_id_b120cbf9 ON public.auth_group_permissions USING btree (group_id);


--
-- Name: auth_group_permissions_permission_id_84c5c92e; Type: INDEX; Schema: public; Owner: postgres
--

CREATE INDEX auth_group_permissions_permission_id_84c5c92e ON public.auth_group_permissions USING btree (permission_id);


--
-- Name: auth_permission_content_type_id_2f476e4b; Type: INDEX; Schema: public; Owner: postgres
--

CREATE INDEX auth_permission_content_type_id_2f476e4b ON public.auth_permission USING btree (content_type_id);


--
-- Name: auth_user_groups_group_id_97559544; Type: INDEX; Schema: public; Owner: postgres
--

CREATE INDEX auth_user_groups_group_id_97559544 ON public.auth_user_groups USING btree (group_id);


--
-- Name: auth_user_groups_user_id_6a12ed8b; Type: INDEX; Schema: public; Owner: postgres
--

CREATE INDEX auth_user_groups_user_id_6a12ed8b ON public.auth_user_groups USING btree (user_id);


--
-- Name: auth_user_user_permissions_permission_id_1fbb5f2c; Type: INDEX; Schema: public; Owner: postgres
--

CREATE INDEX auth_user_user_permissions_permission_id_1fbb5f2c ON public.auth_user_user_permissions USING btree (permission_id);


--
-- Name: auth_user_user_permissions_user_id_a95ead1b; Type: INDEX; Schema: public; Owner: postgres
--

CREATE INDEX auth_user_user_permissions_user_id_a95ead1b ON public.auth_user_user_permissions USING btree (user_id);


--
-- Name: auth_user_username_6821ab7c_like; Type: INDEX; Schema: public; Owner: postgres
--

CREATE INDEX auth_user_username_6821ab7c_like ON public.auth_user USING btree (username varchar_pattern_ops);


--
-- Name: content_abtest_created_by_id_58a3ace4; Type: INDEX; Schema: public; Owner: postgres
--

CREATE INDEX content_abtest_created_by_id_58a3ace4 ON public.content_abtest USING btree (created_by_id);


--
-- Name: content_abtest_landing_page_id_beac6ac3; Type: INDEX; Schema: public; Owner: postgres
--

CREATE INDEX content_abtest_landing_page_id_beac6ac3 ON public.content_abtest USING btree (landing_page_id);


--
-- Name: content_blogpost_author_id_72a58282; Type: INDEX; Schema: public; Owner: postgres
--

CREATE INDEX content_blogpost_author_id_72a58282 ON public.content_blogpost USING btree (author_id);


--
-- Name: content_blogpost_category_id_0f1b201c; Type: INDEX; Schema: public; Owner: postgres
--

CREATE INDEX content_blogpost_category_id_0f1b201c ON public.content_blogpost USING btree (category_id);


--
-- Name: content_blogpost_slug_c1fe520c_like; Type: INDEX; Schema: public; Owner: postgres
--

CREATE INDEX content_blogpost_slug_c1fe520c_like ON public.content_blogpost USING btree (slug varchar_pattern_ops);


--
-- Name: content_blogpost_tags_blogpost_id_4161bc92; Type: INDEX; Schema: public; Owner: postgres
--

CREATE INDEX content_blogpost_tags_blogpost_id_4161bc92 ON public.content_blogpost_tags USING btree (blogpost_id);


--
-- Name: content_blogpost_tags_tag_id_3fbe4425; Type: INDEX; Schema: public; Owner: postgres
--

CREATE INDEX content_blogpost_tags_tag_id_3fbe4425 ON public.content_blogpost_tags USING btree (tag_id);


--
-- Name: content_campaign_created_by_id_5ccc8a74; Type: INDEX; Schema: public; Owner: postgres
--

CREATE INDEX content_campaign_created_by_id_5ccc8a74 ON public.content_campaign USING btree (created_by_id);


--
-- Name: content_campaign_slug_c694e4fb_like; Type: INDEX; Schema: public; Owner: postgres
--

CREATE INDEX content_campaign_slug_c694e4fb_like ON public.content_campaign USING btree (slug varchar_pattern_ops);


--
-- Name: content_casestudy_category_id_fe7e6da9; Type: INDEX; Schema: public; Owner: postgres
--

CREATE INDEX content_casestudy_category_id_fe7e6da9 ON public.content_casestudy USING btree (category_id);


--
-- Name: content_casestudy_slug_21a34998_like; Type: INDEX; Schema: public; Owner: postgres
--

CREATE INDEX content_casestudy_slug_21a34998_like ON public.content_casestudy USING btree (slug varchar_pattern_ops);


--
-- Name: content_casestudycategory_slug_bceb5982_like; Type: INDEX; Schema: public; Owner: postgres
--

CREATE INDEX content_casestudycategory_slug_bceb5982_like ON public.content_casestudycategory USING btree (slug varchar_pattern_ops);


--
-- Name: content_category_slug_3db18848_like; Type: INDEX; Schema: public; Owner: postgres
--

CREATE INDEX content_category_slug_3db18848_like ON public.content_category USING btree (slug varchar_pattern_ops);


--
-- Name: content_landingpage_campaign_id_1cb6e89a; Type: INDEX; Schema: public; Owner: postgres
--

CREATE INDEX content_landingpage_campaign_id_1cb6e89a ON public.content_landingpage USING btree (campaign_id);


--
-- Name: content_landingpage_created_by_id_71c0bb5f; Type: INDEX; Schema: public; Owner: postgres
--

CREATE INDEX content_landingpage_created_by_id_71c0bb5f ON public.content_landingpage USING btree (created_by_id);


--
-- Name: content_landingpage_slug_ee3d86a6_like; Type: INDEX; Schema: public; Owner: postgres
--

CREATE INDEX content_landingpage_slug_ee3d86a6_like ON public.content_landingpage USING btree (slug varchar_pattern_ops);


--
-- Name: content_leadmagnet_resource_id_b0c33bb5; Type: INDEX; Schema: public; Owner: postgres
--

CREATE INDEX content_leadmagnet_resource_id_b0c33bb5 ON public.content_leadmagnet USING btree (resource_id);


--
-- Name: content_leadmagnet_slug_3c5bee40_like; Type: INDEX; Schema: public; Owner: postgres
--

CREATE INDEX content_leadmagnet_slug_3c5bee40_like ON public.content_leadmagnet USING btree (slug varchar_pattern_ops);


--
-- Name: content_resource_slug_3cab8ea3_like; Type: INDEX; Schema: public; Owner: postgres
--

CREATE INDEX content_resource_slug_3cab8ea3_like ON public.content_resource USING btree (slug varchar_pattern_ops);


--
-- Name: content_resource_tags_resource_id_5a4ed3ac; Type: INDEX; Schema: public; Owner: postgres
--

CREATE INDEX content_resource_tags_resource_id_5a4ed3ac ON public.content_resource_tags USING btree (resource_id);


--
-- Name: content_resource_tags_tag_id_ff1f0cdb; Type: INDEX; Schema: public; Owner: postgres
--

CREATE INDEX content_resource_tags_tag_id_ff1f0cdb ON public.content_resource_tags USING btree (tag_id);


--
-- Name: content_resourcedownload_resource_id_d988909d; Type: INDEX; Schema: public; Owner: postgres
--

CREATE INDEX content_resourcedownload_resource_id_d988909d ON public.content_resourcedownload USING btree (resource_id);


--
-- Name: content_resourcedownload_subscriber_id_91948e2c; Type: INDEX; Schema: public; Owner: postgres
--

CREATE INDEX content_resourcedownload_subscriber_id_91948e2c ON public.content_resourcedownload USING btree (subscriber_id);


--
-- Name: content_tag_slug_54e3dfe8_like; Type: INDEX; Schema: public; Owner: postgres
--

CREATE INDEX content_tag_slug_54e3dfe8_like ON public.content_tag USING btree (slug varchar_pattern_ops);


--
-- Name: content_variant_ab_test_id_7ea9d24a; Type: INDEX; Schema: public; Owner: postgres
--

CREATE INDEX content_variant_ab_test_id_7ea9d24a ON public.content_variant USING btree (ab_test_id);


--
-- Name: content_variantvisit_variant_id_86bbe2de; Type: INDEX; Schema: public; Owner: postgres
--

CREATE INDEX content_variantvisit_variant_id_86bbe2de ON public.content_variantvisit USING btree (variant_id);


--
-- Name: django_admin_log_content_type_id_c4bce8eb; Type: INDEX; Schema: public; Owner: postgres
--

CREATE INDEX django_admin_log_content_type_id_c4bce8eb ON public.django_admin_log USING btree (content_type_id);


--
-- Name: django_admin_log_user_id_c564eba6; Type: INDEX; Schema: public; Owner: postgres
--

CREATE INDEX django_admin_log_user_id_c564eba6 ON public.django_admin_log USING btree (user_id);


--
-- Name: django_session_expire_date_a5c62663; Type: INDEX; Schema: public; Owner: postgres
--

CREATE INDEX django_session_expire_date_a5c62663 ON public.django_session USING btree (expire_date);


--
-- Name: django_session_session_key_c0390e0f_like; Type: INDEX; Schema: public; Owner: postgres
--

CREATE INDEX django_session_session_key_c0390e0f_like ON public.django_session USING btree (session_key varchar_pattern_ops);


--
-- Name: leads_contact_assigned_to_id_f0e22073; Type: INDEX; Schema: public; Owner: postgres
--

CREATE INDEX leads_contact_assigned_to_id_f0e22073 ON public.leads_contact USING btree (assigned_to_id);


--
-- Name: leads_contact_email_afe1db96_like; Type: INDEX; Schema: public; Owner: postgres
--

CREATE INDEX leads_contact_email_afe1db96_like ON public.leads_contact USING btree (email varchar_pattern_ops);


--
-- Name: leads_ident_anonymo_5d8151_idx; Type: INDEX; Schema: public; Owner: postgres
--

CREATE INDEX leads_ident_anonymo_5d8151_idx ON public.leads_identity USING btree (anonymous_id);


--
-- Name: leads_ident_current_7a03fa_idx; Type: INDEX; Schema: public; Owner: postgres
--

CREATE INDEX leads_ident_current_7a03fa_idx ON public.leads_identity USING btree (current_session_id);


--
-- Name: leads_ident_email_3458f3_idx; Type: INDEX; Schema: public; Owner: postgres
--

CREATE INDEX leads_ident_email_3458f3_idx ON public.leads_identityemail USING btree (email);


--
-- Name: leads_ident_fingerp_7ec2af_idx; Type: INDEX; Schema: public; Owner: postgres
--

CREATE INDEX leads_ident_fingerp_7ec2af_idx ON public.leads_identitydevice USING btree (fingerprint);


--
-- Name: leads_ident_identit_47c957_idx; Type: INDEX; Schema: public; Owner: postgres
--

CREATE INDEX leads_ident_identit_47c957_idx ON public.leads_identityemail USING btree (identity_id, is_primary);


--
-- Name: leads_ident_last_se_a03dde_idx; Type: INDEX; Schema: public; Owner: postgres
--

CREATE INDEX leads_ident_last_se_a03dde_idx ON public.leads_identitydevice USING btree (last_seen_at);


--
-- Name: leads_ident_primary_9e1838_idx; Type: INDEX; Schema: public; Owner: postgres
--

CREATE INDEX leads_ident_primary_9e1838_idx ON public.leads_identity USING btree (primary_email);


--
-- Name: leads_identity_anonymous_id_7e1499f5_like; Type: INDEX; Schema: public; Owner: postgres
--

CREATE INDEX leads_identity_anonymous_id_7e1499f5_like ON public.leads_identity USING btree (anonymous_id varchar_pattern_ops);


--
-- Name: leads_identity_merged_with_id_d1eae65d; Type: INDEX; Schema: public; Owner: postgres
--

CREATE INDEX leads_identity_merged_with_id_d1eae65d ON public.leads_identity USING btree (merged_with_id);


--
-- Name: leads_identity_primary_email_a92a5e66_like; Type: INDEX; Schema: public; Owner: postgres
--

CREATE INDEX leads_identity_primary_email_a92a5e66_like ON public.leads_identity USING btree (primary_email varchar_pattern_ops);


--
-- Name: leads_identitydevice_fingerprint_d46d3874; Type: INDEX; Schema: public; Owner: postgres
--

CREATE INDEX leads_identitydevice_fingerprint_d46d3874 ON public.leads_identitydevice USING btree (fingerprint);


--
-- Name: leads_identitydevice_fingerprint_d46d3874_like; Type: INDEX; Schema: public; Owner: postgres
--

CREATE INDEX leads_identitydevice_fingerprint_d46d3874_like ON public.leads_identitydevice USING btree (fingerprint varchar_pattern_ops);


--
-- Name: leads_identitydevice_identity_id_fbd84be5; Type: INDEX; Schema: public; Owner: postgres
--

CREATE INDEX leads_identitydevice_identity_id_fbd84be5 ON public.leads_identitydevice USING btree (identity_id);


--
-- Name: leads_identityemail_email_a994a407_like; Type: INDEX; Schema: public; Owner: postgres
--

CREATE INDEX leads_identityemail_email_a994a407_like ON public.leads_identityemail USING btree (email varchar_pattern_ops);


--
-- Name: leads_identityemail_identity_id_57766851; Type: INDEX; Schema: public; Owner: postgres
--

CREATE INDEX leads_identityemail_identity_id_57766851 ON public.leads_identityemail USING btree (identity_id);


--
-- Name: leads_interaction_contact_id_44c19ce1; Type: INDEX; Schema: public; Owner: postgres
--

CREATE INDEX leads_interaction_contact_id_44c19ce1 ON public.leads_interaction USING btree (contact_id);


--
-- Name: leads_interaction_created_by_id_7e8c317b; Type: INDEX; Schema: public; Owner: postgres
--

CREATE INDEX leads_interaction_created_by_id_7e8c317b ON public.leads_interaction USING btree (created_by_id);


--
-- Name: leads_leadscore_contact_id_c0ce68d5; Type: INDEX; Schema: public; Owner: postgres
--

CREATE INDEX leads_leadscore_contact_id_c0ce68d5 ON public.leads_leadscore USING btree (contact_id);


--
-- Name: leads_newslettersubscription_email_0e182af6_like; Type: INDEX; Schema: public; Owner: postgres
--

CREATE INDEX leads_newslettersubscription_email_0e182af6_like ON public.leads_newslettersubscription USING btree (email varchar_pattern_ops);


--
-- Name: leads_roicalculation_contact_id_5cc26043; Type: INDEX; Schema: public; Owner: postgres
--

CREATE INDEX leads_roicalculation_contact_id_5cc26043 ON public.leads_roicalculation USING btree (contact_id);


--
-- Name: services_service_category_id_e15f8b7e; Type: INDEX; Schema: public; Owner: postgres
--

CREATE INDEX services_service_category_id_e15f8b7e ON public.services_service USING btree (category_id);


--
-- Name: services_service_slug_a56f96e2_like; Type: INDEX; Schema: public; Owner: postgres
--

CREATE INDEX services_service_slug_a56f96e2_like ON public.services_service USING btree (slug varchar_pattern_ops);


--
-- Name: services_servicecategory_slug_12f41642_like; Type: INDEX; Schema: public; Owner: postgres
--

CREATE INDEX services_servicecategory_slug_12f41642_like ON public.services_servicecategory USING btree (slug varchar_pattern_ops);


--
-- Name: services_servicedeliverable_service_id_5e53f5e5; Type: INDEX; Schema: public; Owner: postgres
--

CREATE INDEX services_servicedeliverable_service_id_5e53f5e5 ON public.services_servicedeliverable USING btree (service_id);


--
-- Name: services_servicefeature_service_id_7f3d2352; Type: INDEX; Schema: public; Owner: postgres
--

CREATE INDEX services_servicefeature_service_id_7f3d2352 ON public.services_servicefeature USING btree (service_id);


--
-- Name: accounts_user_groups accounts_user_groups_group_id_bd11a704_fk_auth_group_id; Type: FK CONSTRAINT; Schema: public; Owner: postgres
--

ALTER TABLE ONLY public.accounts_user_groups
    ADD CONSTRAINT accounts_user_groups_group_id_bd11a704_fk_auth_group_id FOREIGN KEY (group_id) REFERENCES public.auth_group(id) DEFERRABLE INITIALLY DEFERRED;


--
-- Name: accounts_user_groups accounts_user_groups_user_id_52b62117_fk_accounts_user_id; Type: FK CONSTRAINT; Schema: public; Owner: postgres
--

ALTER TABLE ONLY public.accounts_user_groups
    ADD CONSTRAINT accounts_user_groups_user_id_52b62117_fk_accounts_user_id FOREIGN KEY (user_id) REFERENCES public.accounts_user(id) DEFERRABLE INITIALLY DEFERRED;


--
-- Name: accounts_user_user_permissions accounts_user_user_p_permission_id_113bb443_fk_auth_perm; Type: FK CONSTRAINT; Schema: public; Owner: postgres
--

ALTER TABLE ONLY public.accounts_user_user_permissions
    ADD CONSTRAINT accounts_user_user_p_permission_id_113bb443_fk_auth_perm FOREIGN KEY (permission_id) REFERENCES public.auth_permission(id) DEFERRABLE INITIALLY DEFERRED;


--
-- Name: accounts_user_user_permissions accounts_user_user_p_user_id_e4f0a161_fk_accounts_; Type: FK CONSTRAINT; Schema: public; Owner: postgres
--

ALTER TABLE ONLY public.accounts_user_user_permissions
    ADD CONSTRAINT accounts_user_user_p_user_id_e4f0a161_fk_accounts_ FOREIGN KEY (user_id) REFERENCES public.accounts_user(id) DEFERRABLE INITIALLY DEFERRED;


--
-- Name: accounts_userprofile accounts_userprofile_user_id_92240672_fk_accounts_user_id; Type: FK CONSTRAINT; Schema: public; Owner: postgres
--

ALTER TABLE ONLY public.accounts_userprofile
    ADD CONSTRAINT accounts_userprofile_user_id_92240672_fk_accounts_user_id FOREIGN KEY (user_id) REFERENCES public.accounts_user(id) DEFERRABLE INITIALLY DEFERRED;


--
-- Name: auth_group_permissions auth_group_permissio_permission_id_84c5c92e_fk_auth_perm; Type: FK CONSTRAINT; Schema: public; Owner: postgres
--

ALTER TABLE ONLY public.auth_group_permissions
    ADD CONSTRAINT auth_group_permissio_permission_id_84c5c92e_fk_auth_perm FOREIGN KEY (permission_id) REFERENCES public.auth_permission(id) DEFERRABLE INITIALLY DEFERRED;


--
-- Name: auth_group_permissions auth_group_permissions_group_id_b120cbf9_fk_auth_group_id; Type: FK CONSTRAINT; Schema: public; Owner: postgres
--

ALTER TABLE ONLY public.auth_group_permissions
    ADD CONSTRAINT auth_group_permissions_group_id_b120cbf9_fk_auth_group_id FOREIGN KEY (group_id) REFERENCES public.auth_group(id) DEFERRABLE INITIALLY DEFERRED;


--
-- Name: auth_permission auth_permission_content_type_id_2f476e4b_fk_django_co; Type: FK CONSTRAINT; Schema: public; Owner: postgres
--

ALTER TABLE ONLY public.auth_permission
    ADD CONSTRAINT auth_permission_content_type_id_2f476e4b_fk_django_co FOREIGN KEY (content_type_id) REFERENCES public.django_content_type(id) DEFERRABLE INITIALLY DEFERRED;


--
-- Name: auth_user_groups auth_user_groups_group_id_97559544_fk_auth_group_id; Type: FK CONSTRAINT; Schema: public; Owner: postgres
--

ALTER TABLE ONLY public.auth_user_groups
    ADD CONSTRAINT auth_user_groups_group_id_97559544_fk_auth_group_id FOREIGN KEY (group_id) REFERENCES public.auth_group(id) DEFERRABLE INITIALLY DEFERRED;


--
-- Name: auth_user_groups auth_user_groups_user_id_6a12ed8b_fk_auth_user_id; Type: FK CONSTRAINT; Schema: public; Owner: postgres
--

ALTER TABLE ONLY public.auth_user_groups
    ADD CONSTRAINT auth_user_groups_user_id_6a12ed8b_fk_auth_user_id FOREIGN KEY (user_id) REFERENCES public.auth_user(id) DEFERRABLE INITIALLY DEFERRED;


--
-- Name: auth_user_user_permissions auth_user_user_permi_permission_id_1fbb5f2c_fk_auth_perm; Type: FK CONSTRAINT; Schema: public; Owner: postgres
--

ALTER TABLE ONLY public.auth_user_user_permissions
    ADD CONSTRAINT auth_user_user_permi_permission_id_1fbb5f2c_fk_auth_perm FOREIGN KEY (permission_id) REFERENCES public.auth_permission(id) DEFERRABLE INITIALLY DEFERRED;


--
-- Name: auth_user_user_permissions auth_user_user_permissions_user_id_a95ead1b_fk_auth_user_id; Type: FK CONSTRAINT; Schema: public; Owner: postgres
--

ALTER TABLE ONLY public.auth_user_user_permissions
    ADD CONSTRAINT auth_user_user_permissions_user_id_a95ead1b_fk_auth_user_id FOREIGN KEY (user_id) REFERENCES public.auth_user(id) DEFERRABLE INITIALLY DEFERRED;


--
-- Name: content_abtest content_abtest_created_by_id_58a3ace4_fk_auth_user_id; Type: FK CONSTRAINT; Schema: public; Owner: postgres
--

ALTER TABLE ONLY public.content_abtest
    ADD CONSTRAINT content_abtest_created_by_id_58a3ace4_fk_auth_user_id FOREIGN KEY (created_by_id) REFERENCES public.auth_user(id) DEFERRABLE INITIALLY DEFERRED;


--
-- Name: content_abtest content_abtest_landing_page_id_beac6ac3_fk_content_l; Type: FK CONSTRAINT; Schema: public; Owner: postgres
--

ALTER TABLE ONLY public.content_abtest
    ADD CONSTRAINT content_abtest_landing_page_id_beac6ac3_fk_content_l FOREIGN KEY (landing_page_id) REFERENCES public.content_landingpage(id) DEFERRABLE INITIALLY DEFERRED;


--
-- Name: content_bloganalytics content_bloganalytic_blog_post_id_dd8d7545_fk_content_b; Type: FK CONSTRAINT; Schema: public; Owner: postgres
--

ALTER TABLE ONLY public.content_bloganalytics
    ADD CONSTRAINT content_bloganalytic_blog_post_id_dd8d7545_fk_content_b FOREIGN KEY (blog_post_id) REFERENCES public.content_blogpost(id) DEFERRABLE INITIALLY DEFERRED;


--
-- Name: content_blogpost content_blogpost_author_id_72a58282_fk_auth_user_id; Type: FK CONSTRAINT; Schema: public; Owner: postgres
--

ALTER TABLE ONLY public.content_blogpost
    ADD CONSTRAINT content_blogpost_author_id_72a58282_fk_auth_user_id FOREIGN KEY (author_id) REFERENCES public.auth_user(id) DEFERRABLE INITIALLY DEFERRED;


--
-- Name: content_blogpost content_blogpost_category_id_0f1b201c_fk_content_category_id; Type: FK CONSTRAINT; Schema: public; Owner: postgres
--

ALTER TABLE ONLY public.content_blogpost
    ADD CONSTRAINT content_blogpost_category_id_0f1b201c_fk_content_category_id FOREIGN KEY (category_id) REFERENCES public.content_category(id) DEFERRABLE INITIALLY DEFERRED;


--
-- Name: content_blogpost_tags content_blogpost_tag_blogpost_id_4161bc92_fk_content_b; Type: FK CONSTRAINT; Schema: public; Owner: postgres
--

ALTER TABLE ONLY public.content_blogpost_tags
    ADD CONSTRAINT content_blogpost_tag_blogpost_id_4161bc92_fk_content_b FOREIGN KEY (blogpost_id) REFERENCES public.content_blogpost(id) DEFERRABLE INITIALLY DEFERRED;


--
-- Name: content_blogpost_tags content_blogpost_tags_tag_id_3fbe4425_fk_content_tag_id; Type: FK CONSTRAINT; Schema: public; Owner: postgres
--

ALTER TABLE ONLY public.content_blogpost_tags
    ADD CONSTRAINT content_blogpost_tags_tag_id_3fbe4425_fk_content_tag_id FOREIGN KEY (tag_id) REFERENCES public.content_tag(id) DEFERRABLE INITIALLY DEFERRED;


--
-- Name: content_campaign content_campaign_created_by_id_5ccc8a74_fk_auth_user_id; Type: FK CONSTRAINT; Schema: public; Owner: postgres
--

ALTER TABLE ONLY public.content_campaign
    ADD CONSTRAINT content_campaign_created_by_id_5ccc8a74_fk_auth_user_id FOREIGN KEY (created_by_id) REFERENCES public.auth_user(id) DEFERRABLE INITIALLY DEFERRED;


--
-- Name: content_casestudy content_casestudy_category_id_fe7e6da9_fk_content_c; Type: FK CONSTRAINT; Schema: public; Owner: postgres
--

ALTER TABLE ONLY public.content_casestudy
    ADD CONSTRAINT content_casestudy_category_id_fe7e6da9_fk_content_c FOREIGN KEY (category_id) REFERENCES public.content_casestudycategory(id) DEFERRABLE INITIALLY DEFERRED;


--
-- Name: content_landingpage content_landingpage_campaign_id_1cb6e89a_fk_content_campaign_id; Type: FK CONSTRAINT; Schema: public; Owner: postgres
--

ALTER TABLE ONLY public.content_landingpage
    ADD CONSTRAINT content_landingpage_campaign_id_1cb6e89a_fk_content_campaign_id FOREIGN KEY (campaign_id) REFERENCES public.content_campaign(id) DEFERRABLE INITIALLY DEFERRED;


--
-- Name: content_landingpage content_landingpage_created_by_id_71c0bb5f_fk_auth_user_id; Type: FK CONSTRAINT; Schema: public; Owner: postgres
--

ALTER TABLE ONLY public.content_landingpage
    ADD CONSTRAINT content_landingpage_created_by_id_71c0bb5f_fk_auth_user_id FOREIGN KEY (created_by_id) REFERENCES public.auth_user(id) DEFERRABLE INITIALLY DEFERRED;


--
-- Name: content_leadmagnet content_leadmagnet_resource_id_b0c33bb5_fk_content_resource_id; Type: FK CONSTRAINT; Schema: public; Owner: postgres
--

ALTER TABLE ONLY public.content_leadmagnet
    ADD CONSTRAINT content_leadmagnet_resource_id_b0c33bb5_fk_content_resource_id FOREIGN KEY (resource_id) REFERENCES public.content_resource(id) DEFERRABLE INITIALLY DEFERRED;


--
-- Name: content_resource_tags content_resource_tag_resource_id_5a4ed3ac_fk_content_r; Type: FK CONSTRAINT; Schema: public; Owner: postgres
--

ALTER TABLE ONLY public.content_resource_tags
    ADD CONSTRAINT content_resource_tag_resource_id_5a4ed3ac_fk_content_r FOREIGN KEY (resource_id) REFERENCES public.content_resource(id) DEFERRABLE INITIALLY DEFERRED;


--
-- Name: content_resource_tags content_resource_tags_tag_id_ff1f0cdb_fk_content_tag_id; Type: FK CONSTRAINT; Schema: public; Owner: postgres
--

ALTER TABLE ONLY public.content_resource_tags
    ADD CONSTRAINT content_resource_tags_tag_id_ff1f0cdb_fk_content_tag_id FOREIGN KEY (tag_id) REFERENCES public.content_tag(id) DEFERRABLE INITIALLY DEFERRED;


--
-- Name: content_resourcedownload content_resourcedown_resource_id_d988909d_fk_content_r; Type: FK CONSTRAINT; Schema: public; Owner: postgres
--

ALTER TABLE ONLY public.content_resourcedownload
    ADD CONSTRAINT content_resourcedown_resource_id_d988909d_fk_content_r FOREIGN KEY (resource_id) REFERENCES public.content_resource(id) DEFERRABLE INITIALLY DEFERRED;


--
-- Name: content_resourcedownload content_resourcedown_subscriber_id_91948e2c_fk_leads_new; Type: FK CONSTRAINT; Schema: public; Owner: postgres
--

ALTER TABLE ONLY public.content_resourcedownload
    ADD CONSTRAINT content_resourcedown_subscriber_id_91948e2c_fk_leads_new FOREIGN KEY (subscriber_id) REFERENCES public.leads_newslettersubscription(id) DEFERRABLE INITIALLY DEFERRED;


--
-- Name: content_variant content_variant_ab_test_id_7ea9d24a_fk_content_abtest_id; Type: FK CONSTRAINT; Schema: public; Owner: postgres
--

ALTER TABLE ONLY public.content_variant
    ADD CONSTRAINT content_variant_ab_test_id_7ea9d24a_fk_content_abtest_id FOREIGN KEY (ab_test_id) REFERENCES public.content_abtest(id) DEFERRABLE INITIALLY DEFERRED;


--
-- Name: content_variantvisit content_variantvisit_variant_id_86bbe2de_fk_content_variant_id; Type: FK CONSTRAINT; Schema: public; Owner: postgres
--

ALTER TABLE ONLY public.content_variantvisit
    ADD CONSTRAINT content_variantvisit_variant_id_86bbe2de_fk_content_variant_id FOREIGN KEY (variant_id) REFERENCES public.content_variant(id) DEFERRABLE INITIALLY DEFERRED;


--
-- Name: django_admin_log django_admin_log_content_type_id_c4bce8eb_fk_django_co; Type: FK CONSTRAINT; Schema: public; Owner: postgres
--

ALTER TABLE ONLY public.django_admin_log
    ADD CONSTRAINT django_admin_log_content_type_id_c4bce8eb_fk_django_co FOREIGN KEY (content_type_id) REFERENCES public.django_content_type(id) DEFERRABLE INITIALLY DEFERRED;


--
-- Name: django_admin_log django_admin_log_user_id_c564eba6_fk_auth_user_id; Type: FK CONSTRAINT; Schema: public; Owner: postgres
--

ALTER TABLE ONLY public.django_admin_log
    ADD CONSTRAINT django_admin_log_user_id_c564eba6_fk_auth_user_id FOREIGN KEY (user_id) REFERENCES public.auth_user(id) DEFERRABLE INITIALLY DEFERRED;


--
-- Name: leads_contact leads_contact_assigned_to_id_f0e22073_fk_auth_user_id; Type: FK CONSTRAINT; Schema: public; Owner: postgres
--

ALTER TABLE ONLY public.leads_contact
    ADD CONSTRAINT leads_contact_assigned_to_id_f0e22073_fk_auth_user_id FOREIGN KEY (assigned_to_id) REFERENCES public.auth_user(id) DEFERRABLE INITIALLY DEFERRED;


--
-- Name: leads_contact leads_contact_identity_id_7d8f5bf0_fk_leads_identity_id; Type: FK CONSTRAINT; Schema: public; Owner: postgres
--

ALTER TABLE ONLY public.leads_contact
    ADD CONSTRAINT leads_contact_identity_id_7d8f5bf0_fk_leads_identity_id FOREIGN KEY (identity_id) REFERENCES public.leads_identity(id) DEFERRABLE INITIALLY DEFERRED;


--
-- Name: leads_identity leads_identity_merged_with_id_d1eae65d_fk_leads_identity_id; Type: FK CONSTRAINT; Schema: public; Owner: postgres
--

ALTER TABLE ONLY public.leads_identity
    ADD CONSTRAINT leads_identity_merged_with_id_d1eae65d_fk_leads_identity_id FOREIGN KEY (merged_with_id) REFERENCES public.leads_identity(id) DEFERRABLE INITIALLY DEFERRED;


--
-- Name: leads_identitydevice leads_identitydevice_identity_id_fbd84be5_fk_leads_identity_id; Type: FK CONSTRAINT; Schema: public; Owner: postgres
--

ALTER TABLE ONLY public.leads_identitydevice
    ADD CONSTRAINT leads_identitydevice_identity_id_fbd84be5_fk_leads_identity_id FOREIGN KEY (identity_id) REFERENCES public.leads_identity(id) DEFERRABLE INITIALLY DEFERRED;


--
-- Name: leads_identityemail leads_identityemail_identity_id_57766851_fk_leads_identity_id; Type: FK CONSTRAINT; Schema: public; Owner: postgres
--

ALTER TABLE ONLY public.leads_identityemail
    ADD CONSTRAINT leads_identityemail_identity_id_57766851_fk_leads_identity_id FOREIGN KEY (identity_id) REFERENCES public.leads_identity(id) DEFERRABLE INITIALLY DEFERRED;


--
-- Name: leads_interaction leads_interaction_contact_id_44c19ce1_fk_leads_contact_id; Type: FK CONSTRAINT; Schema: public; Owner: postgres
--

ALTER TABLE ONLY public.leads_interaction
    ADD CONSTRAINT leads_interaction_contact_id_44c19ce1_fk_leads_contact_id FOREIGN KEY (contact_id) REFERENCES public.leads_contact(id) DEFERRABLE INITIALLY DEFERRED;


--
-- Name: leads_interaction leads_interaction_created_by_id_7e8c317b_fk_auth_user_id; Type: FK CONSTRAINT; Schema: public; Owner: postgres
--

ALTER TABLE ONLY public.leads_interaction
    ADD CONSTRAINT leads_interaction_created_by_id_7e8c317b_fk_auth_user_id FOREIGN KEY (created_by_id) REFERENCES public.auth_user(id) DEFERRABLE INITIALLY DEFERRED;


--
-- Name: leads_leadscore leads_leadscore_contact_id_c0ce68d5_fk_leads_contact_id; Type: FK CONSTRAINT; Schema: public; Owner: postgres
--

ALTER TABLE ONLY public.leads_leadscore
    ADD CONSTRAINT leads_leadscore_contact_id_c0ce68d5_fk_leads_contact_id FOREIGN KEY (contact_id) REFERENCES public.leads_contact(id) DEFERRABLE INITIALLY DEFERRED;


--
-- Name: leads_roicalculation leads_roicalculation_contact_id_5cc26043_fk_leads_contact_id; Type: FK CONSTRAINT; Schema: public; Owner: postgres
--

ALTER TABLE ONLY public.leads_roicalculation
    ADD CONSTRAINT leads_roicalculation_contact_id_5cc26043_fk_leads_contact_id FOREIGN KEY (contact_id) REFERENCES public.leads_contact(id) DEFERRABLE INITIALLY DEFERRED;


--
-- Name: services_service services_service_category_id_e15f8b7e_fk_services_; Type: FK CONSTRAINT; Schema: public; Owner: postgres
--

ALTER TABLE ONLY public.services_service
    ADD CONSTRAINT services_service_category_id_e15f8b7e_fk_services_ FOREIGN KEY (category_id) REFERENCES public.services_servicecategory(id) DEFERRABLE INITIALLY DEFERRED;


--
-- Name: services_servicedeliverable services_servicedeli_service_id_5e53f5e5_fk_services_; Type: FK CONSTRAINT; Schema: public; Owner: postgres
--

ALTER TABLE ONLY public.services_servicedeliverable
    ADD CONSTRAINT services_servicedeli_service_id_5e53f5e5_fk_services_ FOREIGN KEY (service_id) REFERENCES public.services_service(id) DEFERRABLE INITIALLY DEFERRED;


--
-- Name: services_servicefeature services_servicefeat_service_id_7f3d2352_fk_services_; Type: FK CONSTRAINT; Schema: public; Owner: postgres
--

ALTER TABLE ONLY public.services_servicefeature
    ADD CONSTRAINT services_servicefeat_service_id_7f3d2352_fk_services_ FOREIGN KEY (service_id) REFERENCES public.services_service(id) DEFERRABLE INITIALLY DEFERRED;


--
-- PostgreSQL database dump complete
--

